Workbook

Sheet Nasıl kullanılır
A1: Bitkiye göre toprak önerisi — taslak (kontrol için)
A3: Bu dosya ne yapar?
A4: Her toprağa ve her bitkiye aynı 5 ölçütle bir profil verilir. Bitkiye özel toprak varsa o önerilir; yoksa profili en yakın toprak 'uyum puanı' ile seçilir.
A5: Eksik kalan özellik için katkı önerilir (drenaj → perlit, pH → asidik torf, su tutma → vermikülit, besin → solucan gübresi).
A7: Neyi düzenlemelisiniz?
A8: • Sarı hücreler girdidir: 'Topraklar' sayfasında D–H ve J sütunları, 'Bitkiler' sayfasında D–I sütunları.
A9: • Mavi hücreler formüldür, dokunmayın: 'Bitkiler' J–N sütunları ve 'Uyum' sayfası kendiliğinden hesaplanır.
A10: • Ağırlıklar 'Ayarlar' sayfasındadır (pH ve drenaj en önemli kabul edildi).
A12: Ölçekler
A13: pH: 1 = Asidik (4,5–5,5) · 2 = Hafif asidik (5,5–6,5) · 3 = Nötr (6,5–7,5) · 4 = Kireçli (7,5+)
A14: Drenaj (su süzme): 1 = Orta · 2 = Yüksek · 3 = Çok yüksek
A15: Su tutma: 1 = Düşük · 2 = Orta · 3 = Yüksek
... A24: • Yeni toprak eklediğinizde bu dosyayı güncellemeniz gerekmez: ikas'ta ürüne etiket eklemeniz yeterli (README'de anlatıldı).

Sheet Ayarlar
A1: Ölçüt | B1: Ağırlık | C1: Açıklama
A2: pH | B2: 3 | C2: En önemli: yanlış pH bitkinin besin almasını engeller
A3: Drenaj | B3: 2 | C3: Kök çürümesi riskini belirler
A4: Su tutma | B4: 2
A5: Besin | B5: 1 | C5: Gübreyle kolayca tamamlanabilir
A6: Yapı | B6: 1 | C6: Farklıysa 1 puan fark sayılır
A7: Bölen | B7: 12 | C7: Toplam fark bu sayıya bölünür; küçüldükçe puanlar sertleşir
A9: Uyum = 1 − (pH_ağ·|ΔpH| + Drenaj_ağ·|ΔDrenaj| + Su_ağ·|ΔSu| + Besin_ağ·|ΔBesin| + Yapı_ağ·(yapı farklıysa 1)) / Bölen

Sheet Topraklar
A1: Ürün adresi (slug) | B1: Ürün adı | C1: Tür | D1: pH | E1: Drenaj | F1: Su tutma | G1: Besin | H1: Yapı | I1: Not | J1: Sadece özel | K1: Grup | L1: Genel amaçlı
A2: hg-monstera-deve-tabani-topragi | B2: HG Monstera (Deve Tabanı) Toprağı | C2: Toprak | D2: 2 | E2: 3 | F2: 2 | G2: 2 | H2: Havalı | J2: Hayır | K2: Salon | L2: Hayır
A3: hg-salon-sarmasigi-topragi | B3: HG Salon Sarmaşığı Toprağı | C3: Toprak | D3: 2 | E3: 2 | F3: 2 | G3: 2 | H3: Havalı | J3: Hayır | K3: Salon | L3: Hayır
A4: pasa-kilici-sansevieria-topragi | B4: HG Paşa Kılıcı (Sansevieria) Toprağı | C4: Toprak | D4: 3 | E4: 3 | F4: 1 | G4: 1 | H4: Kumlu | J4: Hayır | K4: Salon | L4: Hayır
A5: kaucuk-agaci-topragi | B5: HG Kauçuk Ağacı Toprağı | C5: Toprak | D5: 2 | E5: 2 | F5: 2 | G5: 2 | H5: Dengeli | J5: Hayır | K5: Salon | L5: Hayır
A6: hg-benjamin-saksi-topragi | B6: HG Benjamin Saksı Toprağı | C6: Toprak | D6: 2 | E6: 2 | F6: 2 | G6: 2 | H6: Dengeli | J6: Hayır | K6: Salon | L6: Hayır
A7: hg-difenbahya-saksi-topragi | B7: HG Difenbahya Saksı Toprağı | C7: Toprak | D7: 2 | E7: 2 | F7: 2 | G7: 2 | H7: Havalı | J7: Hayır | K7: Salon | L7: Hayır
A8: baris-cicegi-spathiphyllum-topragi | B8: Barış Çiçeği (Spathiphyllum) Toprağı | C8: Toprak | D8: 2 | E8: 2 | F8: 3 | G8: 2 | H8: Havalı | J8: Hayır | K8: Salon | L8: Hayır
A9: hg-antoryum-cicegi-topragi | B9: HG Antoryum Çiçeği Toprağı | C9: Toprak | D9: 2 | E9: 3 | F9: 2 | G9: 2 | H9: Havalı | J9: Hayır | K9: Salon | L9: Hayır
A10: hg-dua-cicegi-saksi-topragi | B10: HG Dua Çiçeği Saksı Toprağı | C10: Toprak | D10: 2 | E10: 2 | F10: 3 | G10: 2 | H10: Havalı | J10: Hayır | K10: Salon | L10: Hayır
A11: hg-fil-kulagi-topragi | B11: HG Fil Kulağı Toprağı | C11: Toprak | D11: 2 | E11: 2 | F11: 3 | G11: 3 | H11: Havalı | J11: Hayır | K11: Salon | L11: Hayır
A12: areka-palmiyesi-topragi | B12: HG Areka Palmiyesi Toprağı | C12: Toprak | D12: 2 | E12: 2 | F12: 2 | G12: 2 | H12: Havalı | J12: Hayır | K12: Salon | L12: Hayır
A13: hg-seflera-schefflera-topragi | B13: HG Şeflera (Schefflera) Toprağı | C13: Toprak | D13: 2 | E13: 2 | F13: 2 | G13: 2 | H13: Dengeli | J13: Hayır | K13: Salon | L13: Hayır
... A17: kaktus-ve-sukulent-topragi | B17: HG Kaktüs ve Sukulent Toprağı | C17: Toprak | D17: 3 | E17: 3 | F17: 1 | G17: 1 | H17: Kumlu | J17: Hayır | K17: Sukulent | L17: Evet
A18: gartengold-orkide-topragi | B18: Gartengold Orkide Toprağı 2.5 Lt | C18: Toprak | D18: 2 | E18: 3 | F18: 1 | G18: 1 | H18: Havalı | I18: Kabuk bazlı | J18: Hayır | K18: Salon | L18: Hayır
A19: hg-menekse-topragi | B19: HG Menekşe Toprağı | C19: Toprak | D19: 2 | E19: 2 | F19: 2 | G19: 2 | H19: Havalı | J19: Hayır | K19: Salon | L19: Hayır
A20: hg-begonvil-topragi | B20: HG Begonvil Toprağı | C20: Toprak | D20: 2 | E20: 3 | F20: 1 | G20: 2 | H20: Kumlu | J20: Hayır | K20: Çiçek | L20: Hayır
A21: sardunya-pelargonium-cicegi-topragi | B21: HG Sardunya (Pelargonium) Çiçeği Toprağı | C21: Toprak | D21: 3 | E21: 3 | F21: 1 | G21: 2 | H21: Kumlu | J21: Hayır | K21: Çiçek | L21: Hayır
A22: hg-starlice-cennet-kusu-topragi | B22: HG Starliçe & Cennet Kuşu Toprağı | C22: Toprak | D22: 2 | E22: 2 | F22: 2 | G22: 3 | H22: Dengeli | J22: Hayır | K22: Salon | L22: Hayır
A23: hg-bonsai-saksi-topragi | B23: HG Bonsai Saksı Toprağı | C23: Toprak | D23: 2 | E23: 3 | F23: 1 | G23: 1 | H23: Kumlu | J23: Hayır | K23: Salon | L23: Hayır
A24: hg-para-agaci-saksi-topragi | B24: HG Para Ağacı Saksı Toprağı | C24: Toprak | D24: 2 | E24: 3 | F24: 1 | G24: 2 | H24: Kumlu | I24: Para ağacı = Pachira mı Crassula mı? Kontrol edin | J24: Hayır | K24: Salon | L24: Hayır
A25: salon-bitkilerine-ozel-toprak-karisimi | B25: HG Salon Bitkilerine Özel Toprak Karışımı | C25: Toprak | D25: 2 | E25: 2 | F25: 2 | G25: 2 | H25: Dengeli | J25: Hayır | K25: Salon | L25: Evet
A26: hg-cicek-topragi | B26: HG Çiçek Toprağı | C26: Toprak | D26: 2 | E26: 2 | F26: 2 | G26: 3 | H26: Dengeli | J26: Hayır | K26: Çiçek | L26: Evet
A27: hg-gul-topragi-gullere-ozel-toprak-karisimi | B27: HG Gül Toprağı | C27: Toprak | D27: 3 | E27: 2 | F27: 2 | G27: 3 | H27: Dengeli | J27: Hayır | K27: Çiçek | L27: Hayır
A28: ortanca-bogurtlen-acelya-topragi | B28: HG Asit Seven Bitkiler İçin Özel Karışım Organik Torf | C28: Toprak | D28: 1 | E28: 2 | F28: 2 | G28: 2 | H28: Dengeli | I28: Ortanca, böğürtlen, açelya | J28: Hayır | K28: Asit seven | L28: Evet
A29: yaban-mersini-ve-ortanca-topragi | B29: Yaban Mersini ve Ortanca Toprağı | C29: Toprak | D29: 1 | E29: 2 | F29: 2 | G29: 2 | H29: Dengeli | J29: Hayır | K29: Asit seven | L29: Hayır
A30: aronya-bitkisi-topragi-ozel-asidik-torf-karisimi | B30: HG Aronya Toprağı | C30: Toprak | D30: 1 | E30: 2 | F30: 2 | G30: 2 | H30: Dengeli | J30: Hayır | K30: Asit seven | L30: Hayır
A31: limon-agaci-topragi-ozel-organik-karisim | B31: Limon Ağacı Toprağı - Özel Organik Karışım | C31: Toprak | D31: 2 | E31: 3 | F31: 2 | G31: 3 | H31: Dengeli | J31: Hayır | K31: Meyve | L31: Hayır
A32: hg-narenciye-topragi | B32: HG Narenciye Toprağı | C32: Toprak | D32: 2 | E32: 3 | F32: 2 | G32: 3 | H32: Dengeli | J32: Hayır | K32: Meyve | L32: Hayır
A33: hg-kumkuat-kamkat-topragi-ozel-karisim | B33: HG Kumkuat (Kamkat) Toprağı | C33: Toprak | D33: 2 | E33: 3 | F33: 2 | G33: 3 | H33: Dengeli | J33: Hayır | K33: Meyve | L33: Hayır
A34: hg-avokado-topragi-ozel-karisim | B34: HG Avokado Toprağı | C34: Toprak | D34: 2 | E34: 3 | F34: 2 | G34: 2 | H34: Havalı | J34: Hayır | K34: Meyve | L34: Hayır
A35: trabzon-hurmasi-cennet-hurmasi-topragi | B35: HG Trabzon Hurması Toprağı | C35: Toprak | D35: 3 | E35: 2 | F35: 2 | G35: 2 | H35: Dengeli | J35: Hayır | K35: Meyve | L35: Hayır
A36: hg-cilek-topragi | B36: HG Çilek Toprağı Özel Karışım | C36: Toprak | D36: 2 | E36: 2 | F36: 2 | G36: 3 | H36: Dengeli | J36: Hayır | K36: Meyve | L36: Hayır
A37: solucan-gubreli-sebze-topragi | B37: HG Organik Sebze Yetiştirme Toprağı | C37: Toprak | D37: 3 | E37: 2 | F37: 2 | G37: 3 | H37: Dengeli | J37: Hayır | K37: Sebze | L37: Evet
A38: hg-bol-verimli-sebze-topragi | B38: HG Premium Sebze Yetiştirme Toprağı | C38: Toprak | D38: 3 | E38: 2 | F38: 2 | G38: 3 | H38: Dengeli | J38: Hayır | K38: Sebze | L38: Evet
A39: hg-aromatik-bitkiler-icin-saksi-topragi | B39: HG Aromatik Bitkiler İçin Saksı Toprağı | C39: Toprak | D39: 3 | E39: 3 | F39: 1 | G39: 2 | H39: Kumlu | J39: Hayır | K39: Aromatik | L39: Hayır
A40: hg-fide-topragi | B40: Fide Toprağı | C40: Toprak | D40: 2 | E40: 2 | F40: 2 | G40: 1 | H40: Dengeli | I40: İnce yapılı, çimlendirme | J40: Hayır | K40: Sebze | L40: Hayır
A41: hg-premium-fide-topragi | B41: Premium Fide Toprağı | C41: Toprak | D41: 2 | E41: 2 | F41: 2 | G41: 1 | H41: Dengeli | J41: Hayır | K41: Sebze | L41: Hayır
A42: fide-sasirtma-topragi | B42: Profesyonel Fide Şaşırtma Toprağı | C42: Toprak | D42: 2 | E42: 2 | F42: 2 | G42: 2 | H42: Dengeli | J42: Hayır | K42: Sebze | L42: Hayır
A43: lotus-nilufer-cicegi-topragi | B43: HG Lotus Nilüfer Çiçeği Toprağı | C43: Toprak | D43: 3 | E43: 1 | F43: 3 | G43: 3 | H43: Dengeli | I43: Su bitkisi; sadece nilüfer/lotus için | J43: Evet | L43: Hayır
A44: cim-kapama-topragi-leonarditli-formul | B44: Çim Kapama Toprağı (Leonarditli) | C44: Toprak | D44: 3 | E44: 2 | F44: 2 | G44: 2 | H44: Dengeli | I44: Çim için | J44: Evet | L44: Hayır
A45: genel-saksi-topragi-ozel-karisim | B45: Genel Saksı Toprağı (Solucan Gübreli) | C45: Toprak | D45: 2 | E45: 2 | F45: 2 | G45: 3 | H45: Dengeli | J45: Hayır | L45: Evet
A46: akilli-toprak-organik-bitki-topragi | B46: HG Akıllı Bitki ve Saksı Toprağı | C46: Toprak | D46: 2 | E46: 2 | F46: 2 | G46: 3 | H46: Dengeli | J46: Hayır | L46: Evet
A47: organik-toprak | B47: Organik Toprak (Solucan Gübreli ve Leonarditli) | C47: Toprak | D47: 3 | E47: 2 | F47: 2 | G47: 3 | H47: Dengeli | J47: Hayır | L47: Evet
A48: dogal-orman-topragi-humuslu | B48: Doğal Orman Toprağı (Humuslu) | C48: Toprak | D48: 2 | E48: 1 | F48: 3 | G48: 3 | H48: Dengeli | J48: Hayır | L48: Evet
A49: bitki-topragi-ozel-karisim-20-lt | B49: Bitki Toprağı Özel Karışım - 40 LT (Güzelbahçe) | C49: Toprak | D49: 2 | E49: 1 | F49: 2 | G49: 2 | H49: Dengeli | J49: Hayır | L49: Evet
A50: klasmann-potgrond-h-70-litre-ithal-fide-torfu | B50: Klasmann Potgrond H 70 L | C50: Toprak | D50: 2 | E50: 2 | F50: 3 | G50: 2 | H50: Dengeli | J50: Hayır | L50: Evet
A51: mezar-topragi-perlit-ve-solucan-gubresi-karisimli | B51: HG Mezar Toprağı | C51: Toprak | D51: 3 | E51: 2 | F51: 2 | G51: 2 | H51: Dengeli | I51: Mezar bitkileri için | J51: Evet | L51: Hayır
A52: tarim-perliti | B52: HG Tarım Perliti | C52: Katkı: drenaj | I52: Drenaj yetersizse
A53: hg-vermikulit | B53: HG Vermikülit | C53: Katkı: su tutma | I53: Su tutma yetersizse
A54: hg-asidik-torf | B54: HG Asidik Torf | C54: Katkı: pH düşürme | I54: Toprak bitkiye göre fazla kireçliyse
A55: hasturk-kati-solucan-gubresi | B55: HasTürk Solucan Gübresi | C55: Katkı: besin | I55: Besin yetersizse

Sheet Bitkiler
A1: Bitki | B1: Eş anlamlılar (arama için) | C1: Grup | D1: pH | E1: Drenaj | F1: Su tutma | G1: Besin | H1: Yapı | I1: Özel toprak (slug) | J1: Özel toprak adı | K1: Profile en yakın toprak | L1: Uyum | M1: Önerilecek toprak | N1: Ek öneri
A2: Monstera | B2: deve tabanı | C2: Salon | D2: 2 | E2: 3 | F2: 2 | G2: 2 | H2: Havalı | I2: hg-monstera-deve-tabani-topragi | J2: =IF(I2="","",IFERROR(INDEX(Topraklar!$B$2:$B$55,MATCH(I2,Topraklar!$A$2:$A$55,0)),"⚠ slug bulunamadı")) | K2: =INDEX(Uyum!$B$2:$AY$2,MATCH(MAX(Uyum!$B$3:$AY$3),Uyum!$B$3:$AY$3,0)) | L2: =MIN(1,MAX(Uyum!$B$3:$AY$3)) | M2: =IF(I2<>"",J2,K2) | N2: =IFERROR(TRIM(IF(E2>INDEX(Topraklar!$E$2:$E$55,MATCH(IF(I2<>"",I2,INDEX(Uyum!$B$1:$AY$1,MATCH(MAX(Uyum!$B$3:$AY$3),Uyum!$B$3:$AY$3,0))),Topraklar!$A$2:$A$55,0)),"Perlit karıştırın. ","")&IF(D2<INDEX(Topraklar!$D$2:$D$55,MATCH(IF(I2<>"",I2,INDEX(Uyum!$B$1:$AY$1,MATCH(MAX(Uyum!$B$3:$AY$3),Uyum!$B$3:$AY$3,0))),Topraklar!$A$2:$A$55,0)),"Asidik torf karıştırın. ","")&IF(F2>INDEX(Topraklar!$F$2:$F$55,MATCH(IF(I2<>"",I2,INDEX(Uyum!$B$1:$AY$1,MATCH(MAX(Uyum!$B$3:$AY$3),Uyum!$B$3:$AY$3,0))),Topraklar!$A$2:$A$55,0)),"Vermikülit karıştırın. ","")&IF(G2>INDEX(Topraklar!$G$2:$G$55,MATCH(IF(I2<>"",I2,INDEX(Uyum!$B$1:$AY$1,MATCH(MAX(Uyum!$B$3:$AY$3),Uyum!$B$3:$AY$3,0))),Topraklar!$A$2:$A$55,0)),"Solucan gübresi ekleyin.","")),"")
A3: Philodendron | B3: filodendron | C3: Salon | D3: 2 | E3: 3 | F3: 2 | G3: 2 | H3: Havalı | J3: =IF(I3="","",IFERROR(INDEX(Topraklar!$B$2:$B$55,MATCH(I3,Topraklar!$A$2:$A$55,0)),"⚠ slug bulunamadı")) | K3: =INDEX(Uyum!$B$2:$AY$2,MATCH(MAX(Uyum!$B$4:$AY$4),Uyum!$B$4:$AY$4,0)) | L3: =MIN(1,MAX(Uyum!$B$4:$AY$4)) | M3: =IF(I3<>"",J3,K3) | N3: =IFERROR(TRIM(IF(E3>INDEX(Topraklar!$E$2:$E$55,MATCH(IF(I3<>"",I3,INDEX(Uyum!$B$1:$AY$1,MATCH(MAX(Uyum!$B$4:$AY$4),Uyum!$B$4:$AY$4,0))),Topraklar!$A$2:$A$55,0)),"Perlit karıştırın. ","")&IF(D3<INDEX(Topraklar!$D$2:$D$55,MATCH(IF(I3<>"",I3,INDEX(Uyum!$B$1:$AY$1,MATCH(MAX(Uyum!$B$4:$AY$4),Uyum!$B$4:$AY$4,0))),Topraklar!$A$2:$A$55,0)),"Asidik torf karıştırın. ","")&IF(F3>INDEX(Topraklar!$F$2:$F$55,MATCH(IF(I3<>"",I3,INDEX(Uyum!$B$1:$AY$1,MATCH(MAX(Uyum!$B$4:$AY$4),Uyum!$B$4:$AY$4,0))),Topraklar!$A$2:$A$55,0)),"Vermikülit karıştırın. ","")&IF(G3>INDEX(Topraklar!$G$2:$G$55,MATCH(IF(I3<>"",I3,INDEX(Uyum!$B$1:$AY$1,MATCH(MAX(Uyum!$B$4:$AY$4),Uyum!$B$4:$AY$4,0))),Topraklar!$A$2:$A$55,0)),"Solucan gübresi ekleyin.","")),"")
A4: Salon sarmaşığı | B4: pothos, potos, epipremnum | C4: Salon | D4: 2 | E4: 2 | F4: 2 | G4: 2 | H4: Havalı | I4: hg-salon-sarmasigi-topragi | J4: =IF(I4="","",IFERROR(INDEX(Topraklar!$B$2:$B$55,MATCH(I4,Topraklar!$A$2:$A$55,0)),"⚠ slug bulunamadı")) | K4: =INDEX(Uyum!$B$2:$AY$2,MATCH(MAX(Uyum!$B$5:$AY$5),Uyum!$B$5:$AY$5,0)) | L4: =MIN(1,MAX(Uyum!$B$5:$AY$5)) | M4: =IF(I4<>"",J4,K4) | N4: =IFERROR(TRIM(IF(E4>INDEX(Topraklar!$E$2:$E$55,MATCH(IF(I4<>"",I4,INDEX(Uyum!$B$1:$AY$1,MATCH(MAX(Uyum!$B$5:$AY$5),Uyum!$B$5:$AY$5,0))),Topraklar!$A$2:$A$55,0)),"Perlit karıştırın. ","")&IF(D4<INDEX(Topraklar!$D$2:$D$55,MATCH(IF(I4<>"",I4,INDEX(Uyum!$B$1:$AY$1,MATCH(MAX(Uyum!$B$5:$AY$5),Uyum!$B$5:$AY$5,0))),Topraklar!$A$2:$A$55,0)),"Asidik torf karıştırın. ","")&IF(F4>INDEX(Topraklar!$F$2:$F$55,MATCH(IF(I4<>"",I4,INDEX(Uyum!$B$1:$AY$1,MATCH(MAX(Uyum!$B$5:$AY$5),Uyum!$B$5:$AY$5,0))),Topraklar!$A$2:$A$55,0)),"Vermikülit karıştırın. ","")&IF(G4>INDEX(Topraklar!$G$2:$G$55,MATCH(IF(I4<>"",I4,INDEX(Uyum!$B$1:$AY$1,MATCH(MAX(Uyum!$B$5:$AY$5),Uyum!$B$5:$AY$5,0))),Topraklar!$A$2:$A$55,0)),"Solucan gübresi ekleyin.","")),"")
A5: Zamioculcas | B5: zz bitkisi, zamia | C5: Salon | D5: 3 | E5: 3 | F5: 1 | G5: 1 | H5: Kumlu | J5: =IF(I5="","",IFERROR(INDEX(Topraklar!$B$2:$B$55,MATCH(I5,Topraklar!$A$2:$A$55,0)),"⚠ slug bulunamadı")) | K5: =INDEX(Uyum!$B$2:$AY$2,MATCH(MAX(Uyum!$B$6:$AY$6),Uyum!$B$6:$AY$6,0)) | L5: =MIN(1,MAX(Uyum!$B$6:$AY$6)) | M5: =IF(I5<>"",J5,K5) | N5: =IFERROR(TRIM(IF(E5>INDEX(Topraklar!$E$2:$E$55,MATCH(IF(I5<>"",I5,INDEX(Uyum!$B$1:$AY$1,MATCH(MAX(Uyum!$B$6:$AY$6),Uyum!$B$6:$AY$6,0))),Topraklar!$A$2:$A$55,0)),"Perlit karıştırın. ","")&IF(D5<INDEX(Topraklar!$D$2:$D$55,MATCH(IF(I5<>"",I5,INDEX(Uyum!$B$1:$AY$1,MATCH(MAX(Uyum!$B$6:$AY$6),Uyum!$B$6:$AY$6,0))),Topraklar!$A$2:$A$55,0)),"Asidik torf karıştırın. ","")&IF(F5>INDEX(Topraklar!$F$2:$F$55,MATCH(IF(I5<>"",I5,INDEX(Uyum!$B$1:$AY$1,MATCH(MAX(Uyum!$B$6:$AY$6),Uyum!$B$6:$AY$6,0))),Topraklar!$A$2:$A$55,0)),"Vermikülit karıştırın. ","")&IF(G5>INDEX(Topraklar!$G$2:$G$55,MATCH(IF(I5<>"",I5,INDEX(Uyum!$B$1:$AY$1,MATCH(MAX(Uyum!$B$6:$AY$6),Uyum!$B$6:$AY$6,0))),Topraklar!$A$2:$A$55,0)),"Solucan gübresi ekleyin.","")),"")
A6: Paşa kılıcı | B6: sansevieria, kaynana dili | C6: Salon | D6: 3 | E6: 3 | F6: 1 | G6: 1 | H6: Kumlu | I6: pasa-kilici-sansevieria-topragi | J6: =IF(I6="","",IFERROR(INDEX(Topraklar!$B$2:$B$55,MATCH(I6,Topraklar!$A$2:$A$55,0)),"⚠ slug bulunamadı")) | K6: =INDEX(Uyum!$B$2:$AY$2,MATCH(MAX(Uyum!$B$7:$AY$7),Uyum!$B$7:$AY$7,0)) | L6: =MIN(1,MAX(Uyum!$B$7:$AY$7)) | M6: =IF(I6<>"",J6,K6) | N6: =IFERROR(TRIM(IF(E6>INDEX(Topraklar!$E$2:$E$55,MATCH(IF(I6<>"",I6,INDEX(Uyum!$B$1:$AY$1,MATCH(MAX(Uyum!$B$7:$AY$7),Uyum!$B$7:$AY$7,0))),Topraklar!$A$2:$A$55,0)),"Perlit karıştırın. ","")&IF(D6<INDEX(Topraklar!$D$2:$D$55,MATCH(IF(I6<>"",I6,INDEX(Uyum!$B$1:$AY$1,MATCH(MAX(Uyum!$B$7:$AY$7),Uyum!$B$7:$AY$7,0))),Topraklar!$A$2:$A$55,0)),"Asidik torf karıştırın. ","")&IF(F6>INDEX(Topraklar!$F$2:$F$55,MATCH(IF(I6<>"",I6,INDEX(Uyum!$B$1:$AY$1,MATCH(MAX(Uyum!$B$7:$AY$7),Uyum!$B$7:$AY$7,0))),Topraklar!$A$2:$A$55,0)),"Vermikülit karıştırın. ","")&IF(G6>INDEX(Topraklar!$G$2:$G$55,MATCH(IF(I6<>"",I6,INDEX(Uyum!$B$1:$AY$1,MATCH(MAX(Uyum!$B$7:$AY$7),Uyum!$B$7:$AY$7,0))),Topraklar!$A$2:$A$55,0)),"Solucan gübresi ekleyin.","")),"")
A7: Kauçuk | B7: kauçuk ağacı, ficus elastica | C7: Salon | D7: 2 | E7: 2 | F7: 2 | G7: 2 | H7: Dengeli | I7: kaucuk-agaci-topragi | J7: =IF(I7="","",IFERROR(INDEX(Topraklar!$B$2:$B$55,MATCH(I7,Topraklar!$A$2:$A$55,0)),"⚠ slug bulunamadı")) | K7: =INDEX(Uyum!$B$2:$AY$2,MATCH(MAX(Uyum!$B$8:$AY$8),Uyum!$B$8:$AY$8,0)) | L7: =MIN(1,MAX(Uyum!$B$8:$AY$8)) | M7: =IF(I7<>"",J7,K7) | N7: =IFERROR(TRIM(IF(E7>INDEX(Topraklar!$E$2:$E$55,MATCH(IF(I7<>"",I7,INDEX(Uyum!$B$1:$AY$1,MATCH(MAX(Uyum!$B$8:$AY$8),Uyum!$B$8:$AY$8,0))),Topraklar!$A$2:$A$55,0)),"Perlit karıştırın. ","")&IF(D7<INDEX(Topraklar!$D$2:$D$55,MATCH(IF(I7<>"",I7,INDEX(Uyum!$B$1:$AY$1,MATCH(MAX(Uyum!$B$8:$AY$8),Uyum!$B$8:$AY$8,0))),Topraklar!$A$2:$A$55,0)),"Asidik torf karıştırın. ","")&IF(F7>INDEX(Topraklar!$F$2:$F$55,MATCH(IF(I7<>"",I7,INDEX(Uyum!$B$1:$AY$1,MATCH(MAX(Uyum!$B$8:$AY$8),Uyum!$B$8:$AY$8,0))),Topraklar!$A$2:$A$55,0)),"Vermikülit karıştırın. ","")&IF(G7>INDEX(Topraklar!$G$2:$G$55,MATCH(IF(I7<>"",I7,INDEX(Uyum!$B$1:$AY$1,MATCH(MAX(Uyum!$B$8:$AY$8),Uyum!$B$8:$AY$8,0))),Topraklar!$A$2:$A$55,0)),"Solucan gübresi ekleyin.","")),"")
A8: Benjamin | B8: ficus benjamina | C8: Salon | D8: 2 | E8: 2 | F8: 2 | G8: 2 | H8: Dengeli | I8: hg-benjamin-saksi-topragi | J8: =IF(I8="","",IFERROR(INDEX(Topraklar!$B$2:$B$55,MATCH(I8,Topraklar!$A$2:$A$55,0)),"⚠ slug bulunamadı")) | K8: =INDEX(Uyum!$B$2:$AY$2,MATCH(MAX(Uyum!$B$9:$AY$9),Uyum!$B$9:$AY$9,0)) | L8: =MIN(1,MAX(Uyum!$B$9:$AY$9)) | M8: =IF(I8<>"",J8,K8) | N8: =IFERROR(TRIM(IF(E8>INDEX(Topraklar!$E$2:$E$55,MATCH(IF(I8<>"",I8,INDEX(Uyum!$B$1:$AY$1,MATCH(MAX(Uyum!$B$9:$AY$9),Uyum!$B$9:$AY$9,0))),Topraklar!$A$2:$A$55,0)),"Perlit karıştırın. ","")&IF(D8<INDEX(Topraklar!$D$2:$D$55,MATCH(IF(I8<>"",I8,INDEX(Uyum!$B$1:$AY$1,MATCH(MAX(Uyum!$B$9:$AY$9),Uyum!$B$9:$AY$9,0))),Topraklar!$A$2:$A$55,0)),"Asidik torf karıştırın. ","")&IF(F8>INDEX(Topraklar!$F$2:$F$55,MATCH(IF(I8<>"",I8,INDEX(Uyum!$B$1:$AY$1,MATCH(MAX(Uyum!$B$9:$AY$9),Uyum!$B$9:$AY$9,0))),Topraklar!$A$2:$A$55,0)),"Vermikülit karıştırın. ","")&IF(G8>INDEX(Topraklar!$G$2:$G$55,MATCH(IF(I8<>"",I8,INDEX(Uyum!$B$1:$AY$1,MATCH(MAX(Uyum!$B$9:$AY$9),Uyum!$B$9:$AY$9,0))),Topraklar!$A$2:$A$55,0)),"Solucan gübresi ekleyin.","")),"")
A9: Keman yapraklı incir | B9: ficus lyrata | C9: Salon | D9: 2 | E9: 2 | F9: 2 | G9: 2 | H9: Dengeli | J9: =IF(I9="","",IFERROR(INDEX(Topraklar!$B$2:$B$55,MATCH(I9,Topraklar!$A$2:$A$55,0)),"⚠ slug bulunamadı")) | K9: =INDEX(Uyum!$B$2:$AY$2,MATCH(MAX(Uyum!$B$10:$AY$10),Uyum!$B$10:$AY$10,0)) | L9: =MIN(1,MAX(Uyum!$B$10:$AY$10)) | M9: =IF(I9<>"",J9,K9) | N9: =IFERROR(TRIM(IF(E9>INDEX(Topraklar!$E$2:$E$55,MATCH(IF(I9<>"",I9,INDEX(Uyum!$B$1:$AY$1,MATCH(MAX(Uyum!$B$10:$AY$10),Uyum!$B$10:$AY$10,0))),Topraklar!$A$2:$A$55,0)),"Perlit karıştırın. ","")&IF(D9<INDEX(Topraklar!$D$2:$D$55,MATCH(IF(I9<>"",I9,INDEX(Uyum!$B$1:$AY$1,MATCH(MAX(Uyum!$B$10:$AY$10),Uyum!$B$10:$AY$10,0))),Topraklar!$A$2:$A$55,0)),"Asidik torf karıştırın. ","")&IF(F9>INDEX(Topraklar!$F$2:$F$55,MATCH(IF(I9<>"",I9,INDEX(Uyum!$B$1:$AY$1,MATCH(MAX(Uyum!$B$10:$AY$10),Uyum!$B$10:$AY$10,0))),Topraklar!$A$2:$A$55,0)),"Vermikülit karıştırın. ","")&IF(G9>INDEX(Topraklar!$G$2:$G$55,MATCH(IF(I9<>"",I9,INDEX(Uyum!$B$1:$AY$1,MATCH(MAX(Uyum!$B$10:$AY$10),Uyum!$B$10:$AY$10,0))),Topraklar!$A$2:$A$55,0)),"Solucan gübresi ekleyin.","")),"")
A10: Difenbahya | B10: dieffenbachia | C10: Salon | D10: 2 | E10: 2 | F10: 2 | G10: 2 | H10: Havalı | I10: hg-difenbahya-saksi-topragi | J10: =IF(I10="","",IFERROR(INDEX(Topraklar!$B$2:$B$55,MATCH(I10,Topraklar!$A$2:$A$55,0)),"⚠ slug bulunamadı")) | K10: =INDEX(Uyum!$B$2:$AY$2,MATCH(MAX(Uyum!$B$11:$AY$11),Uyum!$B$11:$AY$11,0)) | L10: =MIN(1,MAX(Uyum!$B$11:$AY$11)) | M10: =IF(I10<>"",J10,K10) | N10: =IFERROR(TRIM(IF(E10>INDEX(Topraklar!$E$2:$E$55,MATCH(IF(I10<>"",I10,INDEX(Uyum!$B$1:$AY$1,MATCH(MAX(Uyum!$B$11:$AY$11),Uyum!$B$11:$AY$11,0))),Topraklar!$A$2:$A$55,0)),"Perlit karıştırın. ","")&IF(D10<INDEX(Topraklar!$D$2:$D$55,MATCH(IF(I10<>"",I10,INDEX(Uyum!$B$1:$AY$1,MATCH(MAX(Uyum!$B$11:$AY$11),Uyum!$B$11:$AY$11,0))),Topraklar!$A$2:$A$55,0)),"Asidik torf karıştırın. ","")&IF(F10>INDEX(Topraklar!$F$2:$F$55,MATCH(IF(I10<>"",I10,INDEX(Uyum!$B$1:$AY$1,MATCH(MAX(Uyum!$B$11:$AY$11),Uyum!$B$11:$AY$11,0))),Topraklar!$A$2:$A$55,0)),"Vermikülit karıştırın. ","")&IF(G10>INDEX(Topraklar!$G$2:$G$55,MATCH(IF(I10<>"",I10,INDEX(Uyum!$B$1:$AY$1,MATCH(MAX(Uyum!$B$11:$AY$11),Uyum!$B$11:$AY$11,0))),Topraklar!$A$2:$A$55,0)),"Solucan gübresi ekleyin.","")),"")
A11: Barış çiçeği | B11: spathiphyllum, spatifilyum | C11: Salon | D11: 2 | E11: 2 | F11: 3 | G11: 2 | H11: Havalı | I11: baris-cicegi-spathiphyllum-topragi | J11: =IF(I11="","",IFERROR(INDEX(Topraklar!$B$2:$B$55,MATCH(I11,Topraklar!$A$2:$A$55,0)),"⚠ slug bulunamadı")) | K11: =INDEX(Uyum!$B$2:$AY$2,MATCH(MAX(Uyum!$B$12:$AY$12),Uyum!$B$12:$AY$12,0)) | L11: =MIN(1,MAX(Uyum!$B$12:$AY$12)) | M11: =IF(I11<>"",J11,K11) | N11: =IFERROR(TRIM(IF(E11>INDEX(Topraklar!$E$2:$E$55,MATCH(IF(I11<>"",I11,INDEX(Uyum!$B$1:$AY$1,MATCH(MAX(Uyum!$B$12:$AY$12),Uyum!$B$12:$AY$12,0))),Topraklar!$A$2:$A$55,0)),"Perlit karıştırın. ","")&IF(D11<INDEX(Topraklar!$D$2:$D$55,MATCH(IF(I11<>"",I11,INDEX(Uyum!$B$1:$AY$1,MATCH(MAX(Uyum!$B$12:$AY$12),Uyum!$B$12:$AY$12,0))),Topraklar!$A$2:$A$55,0)),"Asidik torf karıştırın. ","")&IF(F11>INDEX(Topraklar!$F$2:$F$55,MATCH(IF(I11<>"",I11,INDEX(Uyum!$B$1:$AY$1,MATCH(MAX(Uyum!$B$12:$AY$12),Uyum!$B$12:$AY$12,0))),Topraklar!$A$2:$A$55,0)),"Vermikülit karıştırın. ","")&IF(G11>INDEX(Topraklar!$G$2:$G$55,MATCH(IF(I11<>"",I11,INDEX(Uyum!$B$1:$AY$1,MATCH(MAX(Uyum!$B$12:$AY$12),Uyum!$B$12:$AY$12,0))),Topraklar!$A$2:$A$55,0)),"Solucan gübresi ekleyin.","")),"")
A12: Antoryum | B12: anthurium | C12: Salon | D12: 2 | E12: 3 | F12: 2 | G12: 2 | H12: Havalı | I12: hg-antoryum-cicegi-topragi | J12: =IF(I12="","",IFERROR(INDEX(Topraklar!$B$2:$B$55,MATCH(I12,Topraklar!$A$2:$A$55,0)),"⚠ slug bulunamadı")) | K12: =INDEX(Uyum!$B$2:$AY$2,MATCH(MAX(Uyum!$B$13:$AY$13),Uyum!$B$13:$AY$13,0)) | L12: =MIN(1,MAX(Uyum!$B$13:$AY$13)) | M12: =IF(I12<>"",J12,K12) | N12: =IFERROR(TRIM(IF(E12>INDEX(Topraklar!$E$2:$E$55,MATCH(IF(I12<>"",I12,INDEX(Uyum!$B$1:$AY$1,MATCH(MAX(Uyum!$B$13:$AY$13),Uyum!$B$13:$AY$13,0))),Topraklar!$A$2:$A$55,0)),"Perlit karıştırın. ","")&IF(D12<INDEX(Topraklar!$D$2:$D$55,MATCH(IF(I12<>"",I12,INDEX(Uyum!$B$1:$AY$1,MATCH(MAX(Uyum!$B$13:$AY$13),Uyum!$B$13:$AY$13,0))),Topraklar!$A$2:$A$55,0)),"Asidik torf karıştırın. ","")&IF(F12>INDEX(Topraklar!$F$2:$F$55,MATCH(IF(I12<>"",I12,INDEX(Uyum!$B$1:$AY$1,MATCH(MAX(Uyum!$B$13:$AY$13),Uyum!$B$13:$AY$13,0))),Topraklar!$A$2:$A$55,0)),"Vermikülit karıştırın. ","")&IF(G12>INDEX(Topraklar!$G$2:$G$55,MATCH(IF(I12<>"",I12,INDEX(Uyum!$B$1:$AY$1,MATCH(MAX(Uyum!$B$13:$AY$13),Uyum!$B$13:$AY$13,0))),Topraklar!$A$2:$A$55,0)),"Solucan gübresi ekleyin.","")),"")
A13: Dua çiçeği | B13: maranta | C13: Salon | D13: 2 | E13: 2 | F13: 3 | G13: 2 | H13: Havalı | I13: hg-dua-cicegi-saksi-topragi | J13: =IF(I13="","",IFERROR(INDEX(Topraklar!$B$2:$B$55,MATCH(I13,Topraklar!$A$2:$A$55,0)),"⚠ slug bulunamadı")) | K13: =INDEX(Uyum!$B$2:$AY$2,MATCH(MAX(Uyum!$B$14:$AY$14),Uyum!$B$14:$AY$14,0)) | L13: =MIN(1,MAX(Uyum!$B$14:$AY$14)) | M13: =IF(I13<>"",J13,K13) | N13: =IFERROR(TRIM(IF(E13>INDEX(Topraklar!$E$2:$E$55,MATCH(IF(I13<>"",I13,INDEX(Uyum!$B$1:$AY$1,MATCH(MAX(Uyum!$B$14:$AY$14),Uyum!$B$14:$AY$14,0))),Topraklar!$A$2:$A$55,0)),"Perlit karıştırın. ","")&IF(D13<INDEX(Topraklar!$D$2:$D$55,MATCH(IF(I13<>"",I13,INDEX(Uyum!$B$1:$AY$1,MATCH(MAX(Uyum!$B$14:$AY$14),Uyum!$B$14:$AY$14,0))),Topraklar!$A$2:$A$55,0)),"Asidik torf karıştırın. ","")&IF(F13>INDEX(Topraklar!$F$2:$F$55,MATCH(IF(I13<>"",I13,INDEX(Uyum!$B$1:$AY$1,MATCH(MAX(Uyum!$B$14:$AY$14),Uyum!$B$14:$AY$14,0))),Topraklar!$A$2:$A$55,0)),"Vermikülit karıştırın. ","")&IF(G13>INDEX(Topraklar!$G$2:$G$55,MATCH(IF(I13<>"",I13,INDEX(Uyum!$B$1:$AY$1,MATCH(MAX(Uyum!$B$14:$AY$14),Uyum!$B$14:$AY$14,0))),Topraklar!$A$2:$A$55,0)),"Solucan gübresi ekleyin.","")),"")
A14: Calathea | B14: kalatea | C14: Salon | D14: 2 | E14: 2 | F14: 3 | G14: 2 | H14: Havalı | J14: =IF(I14="","",IFERROR(INDEX(Topraklar!$B$2:$B$55,MATCH(I14,Topraklar!$A$2:$A$55,0)),"⚠ slug bulunamadı")) | K14: =INDEX(Uyum!$B$2:$AY$2,MATCH(MAX(Uyum!$B$15:$AY$15),Uyum!$B$15:$AY$15,0)) | L14: =MIN(1,MAX(Uyum!$B$15:$AY$15)) | M14: =IF(I14<>"",J14,K14) | N14: =IFERROR(TRIM(IF(E14>INDEX(Topraklar!$E$2:$E$55,MATCH(IF(I14<>"",I14,INDEX(Uyum!$B$1:$AY$1,MATCH(MAX(Uyum!$B$15:$AY$15),Uyum!$B$15:$AY$15,0))),Topraklar!$A$2:$A$55,0)),"Perlit karıştırın. ","")&IF(D14<INDEX(Topraklar!$D$2:$D$55,MATCH(IF(I14<>"",I14,INDEX(Uyum!$B$1:$AY$1,MATCH(MAX(Uyum!$B$15:$AY$15),Uyum!$B$15:$AY$15,0))),Topraklar!$A$2:$A$55,0)),"Asidik torf karıştırın. ","")&IF(F14>INDEX(Topraklar!$F$2:$F$55,MATCH(IF(I14<>"",I14,INDEX(Uyum!$B$1:$AY$1,MATCH(MAX(Uyum!$B$15:$AY$15),Uyum!$B$15:$AY$15,0))),Topraklar!$A$2:$A$55,0)),"Vermikülit karıştırın. ","")&IF(G14>INDEX(Topraklar!$G$2:$G$55,MATCH(IF(I14<>"",I14,INDEX(Uyum!$B$1:$AY$1,MATCH(MAX(Uyum!$B$15:$AY$15),Uyum!$B$15:$AY$15,0))),Topraklar!$A$2:$A$55,0)),"Solucan gübresi ekleyin.","")),"")
A15: Fil kulağı | B15: alocasia, alokazya | C15: Salon | D15: 2 | E15: 2 | F15: 3 | G15: 3 | H15: Havalı | I15: hg-fil-kulagi-topragi | J15: =IF(I15="","",IFERROR(INDEX(Topraklar!$B$2:$B$55,MATCH(I15,Topraklar!$A$2:$A$55,0)),"⚠ slug bulunamadı")) | K15: =INDEX(Uyum!$B$2:$AY$2,MATCH(MAX(Uyum!$B$16:$AY$16),Uyum!$B$16:$AY$16,0)) | L15: =MIN(1,MAX(Uyum!$B$16:$AY$16)) | M15: =IF(I15<>"",J15,K15) | N15: =IFERROR(TRIM(IF(E15>INDEX(Topraklar!$E$2:$E$55,MATCH(IF(I15<>"",I15,INDEX(Uyum!$B$1:$AY$1,MATCH(MAX(Uyum!$B$16:$AY$16),Uyum!$B$16:$AY$16,0))),Topraklar!$A$2:$A$55,0)),"Perlit karıştırın. ","")&IF(D15<INDEX(Topraklar!$D$2:$D$55,MATCH(IF(I15<>"",I15,INDEX(Uyum!$B$1:$AY$1,MATCH(MAX(Uyum!$B$16:$AY$16),Uyum!$B$16:$AY$16,0))),Topraklar!$A$2:$A$55,0)),"Asidik torf karıştırın. ","")&IF(F15>INDEX(Topraklar!$F$2:$F$55,MATCH(IF(I15<>"",I15,INDEX(Uyum!$B$1:$AY$1,MATCH(MAX(Uyum!$B$16:$AY$16),Uyum!$B$16:$AY$16,0))),Topraklar!$A$2:$A$55,0)),"Vermikülit karıştırın. ","")&IF(G15>INDEX(Topraklar!$G$2:$G$55,MATCH(IF(I15<>"",I15,INDEX(Uyum!$B$1:$AY$1,MATCH(MAX(Uyum!$B$16:$AY$16),Uyum!$B$16:$AY$16,0))),Topraklar!$A$2:$A$55,0)),"Solucan gübresi ekleyin.","")),"")
A16: Areka palmiyesi | B16: areka, dypsis | C16: Salon | D16: 2 | E16: 2 | F16: 2 | G16: 2 | H16: Havalı | I16: areka-palmiyesi-topragi | J16: =IF(I16="","",IFERROR(INDEX(Topraklar!$B$2:$B$55,MATCH(I16,Topraklar!$A$2:$A$55,0)),"⚠ slug bulunamadı")) | K16: =INDEX(Uyum!$B$2:$AY$2,MATCH(MAX(Uyum!$B$17:$AY$17),Uyum!$B$17:$AY$17,0)) | L16: =MIN(1,MAX(Uyum!$B$17:$AY$17)) | M16: =IF(I16<>"",J16,K16) | N16: =IFERROR(TRIM(IF(E16>INDEX(Topraklar!$E$2:$E$55,MATCH(IF(I16<>"",I16,INDEX(Uyum!$B$1:$AY$1,MATCH(MAX(Uyum!$B$17:$AY$17),Uyum!$B$17:$AY$17,0))),Topraklar!$A$2:$A$55,0)),"Perlit karıştırın. ","")&IF(D16<INDEX(Topraklar!$D$2:$D$55,MATCH(IF(I16<>"",I16,INDEX(Uyum!$B$1:$AY$1,MATCH(MAX(Uyum!$B$17:$AY$17),Uyum!$B$17:$AY$17,0))),Topraklar!$A$2:$A$55,0)),"Asidik torf karıştırın. ","")&IF(F16>INDEX(Topraklar!$F$2:$F$55,MATCH(IF(I16<>"",I16,INDEX(Uyum!$B$1:$AY$1,MATCH(MAX(Uyum!$B$17:$AY$17),Uyum!$B$17:$AY$17,0))),Topraklar!$A$2:$A$55,0)),"Vermikülit karıştırın. ","")&IF(G16>INDEX(Topraklar!$G$2:$G$55,MATCH(IF(I16<>"",I16,INDEX(Uyum!$B$1:$AY$1,MATCH(MAX(Uyum!$B$17:$AY$17),Uyum!$B$17:$AY$17,0))),Topraklar!$A$2:$A$55,0)),"Solucan gübresi ekleyin.","")),"")
A17: Kentia palmiyesi | B17: kentia, howea | C17: Salon | D17: 2 | E17: 2 | F17: 2 | G17: 2 | H17: Havalı | J17: =IF(I17="","",IFERROR(INDEX(Topraklar!$B$2:$B$55,MATCH(I17,Topraklar!$A$2:$A$55,0)),"⚠ slug bulunamadı")) | K17: =INDEX(Uyum!$B$2:$AY$2,MATCH(MAX(Uyum!$B$18:$AY$18),Uyum!$B$18:$AY$18,0)) | L17: =MIN(1,MAX(Uyum!$B$18:$AY$18)) | M17: =IF(I17<>"",J17,K17) | N17: =IFERROR(TRIM(IF(E17>INDEX(Topraklar!$E$2:$E$55,MATCH(IF(I17<>"",I17,INDEX(Uyum!$B$1:$AY$1,MATCH(MAX(Uyum!$B$18:$AY$18),Uyum!$B$18:$AY$18,0))),Topraklar!$A$2:$A$55,0)),"Perlit karıştırın. ","")&IF(D17<INDEX(Topraklar!$D$2:$D$55,MATCH(IF(I17<>"",I17,INDEX(Uyum!$B$1:$AY$1,MATCH(MAX(Uyum!$B$18:$AY$18),Uyum!$B$18:$AY$18,0))),Topraklar!$A$2:$A$55,0)),"Asidik torf karıştırın. ","")&IF(F17>INDEX(Topraklar!$F$2:$F$55,MATCH(IF(I17<>"",I17,INDEX(Uyum!$B$1:$AY$1,MATCH(MAX(Uyum!$B$18:$AY$18),Uyum!$B$18:$AY$18,0))),Topraklar!$A$2:$A$55,0)),"Vermikülit karıştırın. ","")&IF(G17>INDEX(Topraklar!$G$2:$G$55,MATCH(IF(I17<>"",I17,INDEX(Uyum!$B$1:$AY$1,MATCH(MAX(Uyum!$B$18:$AY$18),Uyum!$B$18:$AY$18,0))),Topraklar!$A$2:$A$55,0)),"Solucan gübresi ekleyin.","")),"")
A18: Şeflera | B18: schefflera | C18: Salon | D18: 2 | E18: 2 | F18: 2 | G18: 2 | H18: Dengeli | I18: hg-seflera-schefflera-topragi | J18: =IF(I18="","",IFERROR(INDEX(Topraklar!$B$2:$B$55,MATCH(I18,Topraklar!$A$2:$A$55,0)),"⚠ slug bulunamadı")) | K18: =INDEX(Uyum!$B$2:$AY$2,MATCH(MAX(Uyum!$B$19:$AY$19),Uyum!$B$19:$AY$19,0)) | L18: =MIN(1,MAX(Uyum!$B$19:$AY$19)) | M18: =IF(I18<>"",J18,K18) | N18: =IFERROR(TRIM(IF(E18>INDEX(Topraklar!$E$2:$E$55,MATCH(IF(I18<>"",I18,INDEX(Uyum!$B$1:$AY$1,MATCH(MAX(Uyum!$B$19:$AY$19),Uyum!$B$19:$AY$19,0))),Topraklar!$A$2:$A$55,0)),"Perlit karıştırın. ","")&IF(D18<INDEX(Topraklar!$D$2:$D$55,MATCH(IF(I18<>"",I18,INDEX(Uyum!$B$1:$AY$1,MATCH(MAX(Uyum!$B$19:$AY$19),Uyum!$B$19:$AY$19,0))),Topraklar!$A$2:$A$55,0)),"Asidik torf karıştırın. ","")&IF(F18>INDEX(Topraklar!$F$2:$F$55,MATCH(IF(I18<>"",I18,INDEX(Uyum!$B$1:$AY$1,MATCH(MAX(Uyum!$B$19:$AY$19),Uyum!$B$19:$AY$19,0))),Topraklar!$A$2:$A$55,0)),"Vermikülit karıştırın. ","")&IF(G18>INDEX(Topraklar!$G$2:$G$55,MATCH(IF(I18<>"",I18,INDEX(Uyum!$B$1:$AY$1,MATCH(MAX(Uyum!$B$19:$AY$19),Uyum!$B$19:$AY$19,0))),Topraklar!$A$2:$A$55,0)),"Solucan gübresi ekleyin.","")),"")
A19: Pilea | B19: çin para çiçeği | C19: Salon | D19: 2 | E19: 2 | F19: 2 | G19: 2 | H19: Havalı | I19: hg-cin-para-cicegi-pilea-saksi-topragi | J19: =IF(I19="","",IFERROR(INDEX(Topraklar!$B$2:$B$55,MATCH(I19,Topraklar!$A$2:$A$55,0)),"⚠ slug bulunamadı")) | K19: =INDEX(Uyum!$B$2:$AY$2,MATCH(MAX(Uyum!$B$20:$AY$20),Uyum!$B$20:$AY$20,0)) | L19: =MIN(1,MAX(Uyum!$B$20:$AY$20)) | M19: =IF(I19<>"",J19,K19) | N19: =IFERROR(TRIM(IF(E19>INDEX(Topraklar!$E$2:$E$55,MATCH(IF(I19<>"",I19,INDEX(Uyum!$B$1:$AY$1,MATCH(MAX(Uyum!$B$20:$AY$20),Uyum!$B$20:$AY$20,0))),Topraklar!$A$2:$A$55,0)),"Perlit karıştırın. ","")&IF(D19<INDEX(Topraklar!$D$2:$D$55,MATCH(IF(I19<>"",I19,INDEX(Uyum!$B$1:$AY$1,MATCH(MAX(Uyum!$B$20:$AY$20),Uyum!$B$20:$AY$20,0))),Topraklar!$A$2:$A$55,0)),"Asidik torf karıştırın. ","")&IF(F19>INDEX(Topraklar!$F$2:$F$55,MATCH(IF(I19<>"",I19,INDEX(Uyum!$B$1:$AY$1,MATCH(MAX(Uyum!$B$20:$AY$20),Uyum!$B$20:$AY$20,0))),Topraklar!$A$2:$A$55,0)),"Vermikülit karıştırın. ","")&IF(G19>INDEX(Topraklar!$G$2:$G$55,MATCH(IF(I19<>"",I19,INDEX(Uyum!$B$1:$AY$1,MATCH(MAX(Uyum!$B$20:$AY$20),Uyum!$B$20:$AY$20,0))),Topraklar!$A$2:$A$55,0)),"Solucan gübresi ekleyin.","")),"")
A20: Dracaena | B20: ejderha ağacı, drasena | C20: Salon | D20: 2 | E20: 2 | F20: 2 | G20: 2 | H20: Dengeli | J20: =IF(I20="","",IFERROR(INDEX(Topraklar!$B$2:$B$55,MATCH(I20,Topraklar!$A$2:$A$55,0)),"⚠ slug bulunamadı")) | K20: =INDEX(Uyum!$B$2:$AY$2,MATCH(MAX(Uyum!$B$21:$AY$21),Uyum!$B$21:$AY$21,0)) | L20: =MIN(1,MAX(Uyum!$B$21:$AY$21)) | M20: =IF(I20<>"",J20,K20) | N20: =IFERROR(TRIM(IF(E20>INDEX(Topraklar!$E$2:$E$55,MATCH(IF(I20<>"",I20,INDEX(Uyum!$B$1:$AY$1,MATCH(MAX(Uyum!$B$21:$AY$21),Uyum!$B$21:$AY$21,0))),Topraklar!$A$2:$A$55,0)),"Perlit karıştırın. ","")&IF(D20<INDEX(Topraklar!$D$2:$D$55,MATCH(IF(I20<>"",I20,INDEX(Uyum!$B$1:$AY$1,MATCH(MAX(Uyum!$B$21:$AY$21),Uyum!$B$21:$AY$21,0))),Topraklar!$A$2:$A$55,0)),"Asidik torf karıştırın. ","")&IF(F20>INDEX(Topraklar!$F$2:$F$55,MATCH(IF(I20<>"",I20,INDEX(Uyum!$B$1:$AY$1,MATCH(MAX(Uyum!$B$21:$AY$21),Uyum!$B$21:$AY$21,0))),Topraklar!$A$2:$A$55,0)),"Vermikülit karıştırın. ","")&IF(G20>INDEX(Topraklar!$G$2:$G$55,MATCH(IF(I20<>"",I20,INDEX(Uyum!$B$1:$AY$1,MATCH(MAX(Uyum!$B$21:$AY$21),Uyum!$B$21:$AY$21,0))),Topraklar!$A$2:$A$55,0)),"Solucan gübresi ekleyin.","")),"")
A21: Aglaonema | B21: çin her dem yeşili | C21: Salon | D21: 2 | E21: 2 | F21: 2 | G21: 2 | H21: Havalı | J21: =IF(I21="","",IFERROR(INDEX(Topraklar!$B$2:$B$55,MATCH(I21,Topraklar!$A$2:$A$55,0)),"⚠ slug bulunamadı")) | K21: =INDEX(Uyum!$B$2:$AY$2,MATCH(MAX(Uyum!$B$22:$AY$22),Uyum!$B$22:$AY$22,0)) | L21: =MIN(1,MAX(Uyum!$B$22:$AY$22)) | M21: =IF(I21<>"",J21,K21) | N21: =IFERROR(TRIM(IF(E21>INDEX(Topraklar!$E$2:$E$55,MATCH(IF(I21<>"",I21,INDEX(Uyum!$B$1:$AY$1,MATCH(MAX(Uyum!$B$22:$AY$22),Uyum!$B$22:$AY$22,0))),Topraklar!$A$2:$A$55,0)),"Perlit karıştırın. ","")&IF(D21<INDEX(Topraklar!$D$2:$D$55,MATCH(IF(I21<>"",I21,INDEX(Uyum!$B$1:$AY$1,MATCH(MAX(Uyum!$B$22:$AY$22),Uyum!$B$22:$AY$22,0))),Topraklar!$A$2:$A$55,0)),"Asidik torf karıştırın. ","")&IF(F21>INDEX(Topraklar!$F$2:$F$55,MATCH(IF(I21<>"",I21,INDEX(Uyum!$B$1:$AY$1,MATCH(MAX(Uyum!$B$22:$AY$22),Uyum!$B$22:$AY$22,0))),Topraklar!$A$2:$A$55,0)),"Vermikülit karıştırın. ","")&IF(G21>INDEX(Topraklar!$G$2:$G$55,MATCH(IF(I21<>"",I21,INDEX(Uyum!$B$1:$AY$1,MATCH(MAX(Uyum!$B$22:$AY$22),Uyum!$B$22:$AY$22,0))),Topraklar!$A$2:$A$55,0)),"Solucan gübresi ekleyin.","")),"")
A22: Kurdele çiçeği | B22: chlorophytum, örümcek bitkisi | C22: Salon | D22: 2 | E22: 2 | F22: 2 | G22: 2 | H22: Dengeli | J22: =IF(I22="","",IFERROR(INDEX(Topraklar!$B$2:$B$55,MATCH(I22,Topraklar!$A$2:$A$55,0)),"⚠ slug bulunamadı")) | K22: =INDEX(Uyum!$B$2:$AY$2,MATCH(MAX(Uyum!$B$23:$AY$23),Uyum!$B$23:$AY$23,0)) | L22: =MIN(1,MAX(Uyum!$B$23:$AY$23)) | M22: =IF(I22<>"",J22,K22) | N22: =IFERROR(TRIM(IF(E22>INDEX(Topraklar!$E$2:$E$55,MATCH(IF(I22<>"",I22,INDEX(Uyum!$B$1:$AY$1,MATCH(MAX(Uyum!$B$23:$AY$23),Uyum!$B$23:$AY$23,0))),Topraklar!$A$2:$A$55,0)),"Perlit karıştırın. ","")&IF(D22<INDEX(Topraklar!$D$2:$D$55,MATCH(IF(I22<>"",I22,INDEX(Uyum!$B$1:$AY$1,MATCH(MAX(Uyum!$B$23:$AY$23),Uyum!$B$23:$AY$23,0))),Topraklar!$A$2:$A$55,0)),"Asidik torf karıştırın. ","")&IF(F22>INDEX(Topraklar!$F$2:$F$55,MATCH(IF(I22<>"",I22,INDEX(Uyum!$B$1:$AY$1,MATCH(MAX(Uyum!$B$23:$AY$23),Uyum!$B$23:$AY$23,0))),Topraklar!$A$2:$A$55,0)),"Vermikülit karıştırın. ","")&IF(G22>INDEX(Topraklar!$G$2:$G$55,MATCH(IF(I22<>"",I22,INDEX(Uyum!$B$1:$AY$1,MATCH(MAX(Uyum!$B$23:$AY$23),Uyum!$B$23:$AY$23,0))),Topraklar!$A$2:$A$55,0)),"Solucan gübresi ekleyin.","")),"")
A23: Eğrelti otu | B23: fern, nephrolepis | C23: Salon | D23: 2 | E23: 2 | F23: 3 | G23: 2 | H23: Havalı | J23: =IF(I23="","",IFERROR(INDEX(Topraklar!$B$2:$B$55,MATCH(I23,Topraklar!$A$2:$A$55,0)),"⚠ slug bulunamadı")) | K23: =INDEX(Uyum!$B$2:$AY$2,MATCH(MAX(Uyum!$B$24:$AY$24),Uyum!$B$24:$AY$24,0)) | L23: =MIN(1,MAX(Uyum!$B$24:$AY$24)) | M23: =IF(I23<>"",J23,K23) | N23: =IFERROR(TRIM(IF(E23>INDEX(Topraklar!$E$2:$E$55,MATCH(IF(I23<>"",I23,INDEX(Uyum!$B$1:$AY$1,MATCH(MAX(Uyum!$B$24:$AY$24),Uyum!$B$24:$AY$24,0))),Topraklar!$A$2:$A$55,0)),"Perlit karıştırın. ","")&IF(D23<INDEX(Topraklar!$D$2:$D$55,MATCH(IF(I23<>"",I23,INDEX(Uyum!$B$1:$AY$1,MATCH(MAX(Uyum!$B$24:$AY$24),Uyum!$B$24:$AY$24,0))),Topraklar!$A$2:$A$55,0)),"Asidik torf karıştırın. ","")&IF(F23>INDEX(Topraklar!$F$2:$F$55,MATCH(IF(I23<>"",I23,INDEX(Uyum!$B$1:$AY$1,MATCH(MAX(Uyum!$B$24:$AY$24),Uyum!$B$24:$AY$24,0))),Topraklar!$A$2:$A$55,0)),"Vermikülit karıştırın. ","")&IF(G23>INDEX(Topraklar!$G$2:$G$55,MATCH(IF(I23<>"",I23,INDEX(Uyum!$B$1:$AY$1,MATCH(MAX(Uyum!$B$24:$AY$24),Uyum!$B$24:$AY$24,0))),Topraklar!$A$2:$A$55,0)),"Solucan gübresi ekleyin.","")),"")
A24: Guzmanya | B24: bromelya, guzmania | C24: Salon | D24: 2 | E24: 3 | F24: 1 | G24: 1 | H24: Havalı | J24: =IF(I24="","",IFERROR(INDEX(Topraklar!$B$2:$B$55,MATCH(I24,Topraklar!$A$2:$A$55,0)),"⚠ slug bulunamadı")) | K24: =INDEX(Uyum!$B$2:$AY$2,MATCH(MAX(Uyum!$B$25:$AY$25),Uyum!$B$25:$AY$25,0)) | L24: =MIN(1,MAX(Uyum!$B$25:$AY$25)) | M24: =IF(I24<>"",J24,K24) | N24: =IFERROR(TRIM(IF(E24>INDEX(Topraklar!$E$2:$E$55,MATCH(IF(I24<>"",I24,INDEX(Uyum!$B$1:$AY$1,MATCH(MAX(Uyum!$B$25:$AY$25),Uyum!$B$25:$AY$25,0))),Topraklar!$A$2:$A$55,0)),"Perlit karıştırın. ","")&IF(D24<INDEX(Topraklar!$D$2:$D$55,MATCH(IF(I24<>"",I24,INDEX(Uyum!$B$1:$AY$1,MATCH(MAX(Uyum!$B$25:$AY$25),Uyum!$B$25:$AY$25,0))),Topraklar!$A$2:$A$55,0)),"Asidik torf karıştırın. ","")&IF(F24>INDEX(Topraklar!$F$2:$F$55,MATCH(IF(I24<>"",I24,INDEX(Uyum!$B$1:$AY$1,MATCH(MAX(Uyum!$B$25:$AY$25),Uyum!$B$25:$AY$25,0))),Topraklar!$A$2:$A$55,0)),"Vermikülit karıştırın. ","")&IF(G24>INDEX(Topraklar!$G$2:$G$55,MATCH(IF(I24<>"",I24,INDEX(Uyum!$B$1:$AY$1,MATCH(MAX(Uyum!$B$25:$AY$25),Uyum!$B$25:$AY$25,0))),Topraklar!$A$2:$A$55,0)),"Solucan gübresi ekleyin.","")),"")
A25: Begonya | B25: begonia | C25: Salon | D25: 2 | E25: 2 | F25: 2 | G25: 2 | H25: Havalı | J25: =IF(I25="","",IFERROR(INDEX(Topraklar!$B$2:$B$55,MATCH(I25,Topraklar!$A$2:$A$55,0)),"⚠ slug bulunamadı")) | K25: =INDEX(Uyum!$B$2:$AY$2,MATCH(MAX(Uyum!$B$26:$AY$26),Uyum!$B$26:$AY$26,0)) | L25: =MIN(1,MAX(Uyum!$B$26:$AY$26)) | M25: =IF(I25<>"",J25,K25) | N25: =IFERROR(TRIM(IF(E25>INDEX(Topraklar!$E$2:$E$55,MATCH(IF(I25<>"",I25,INDEX(Uyum!$B$1:$AY$1,MATCH(MAX(Uyum!$B$26:$AY$26),Uyum!$B$26:$AY$26,0))),Topraklar!$A$2:$A$55,0)),"Perlit karıştırın. ","")&IF(D25<INDEX(Topraklar!$D$2:$D$55,MATCH(IF(I25<>"",I25,INDEX(Uyum!$B$1:$AY$1,MATCH(MAX(Uyum!$B$26:$AY$26),Uyum!$B$26:$AY$26,0))),Topraklar!$A$2:$A$55,0)),"Asidik torf karıştırın. ","")&IF(F25>INDEX(Topraklar!$F$2:$F$55,MATCH(IF(I25<>"",I25,INDEX(Uyum!$B$1:$AY$1,MATCH(MAX(Uyum!$B$26:$AY$26),Uyum!$B$26:$AY$26,0))),Topraklar!$A$2:$A$55,0)),"Vermikülit karıştırın. ","")&IF(G25>INDEX(Topraklar!$G$2:$G$55,MATCH(IF(I25<>"",I25,INDEX(Uyum!$B$1:$AY$1,MATCH(MAX(Uyum!$B$26:$AY$26),Uyum!$B$26:$AY$26,0))),Topraklar!$A$2:$A$55,0)),"Solucan gübresi ekleyin.","")),"")
A26: Atatürk çiçeği | B26: poinsettia, ponsetya | C26: Salon | D26: 2 | E26: 2 | F26: 2 | G26: 2 | H26: Dengeli | J26: =IF(I26="","",IFERROR(INDEX(Topraklar!$B$2:$B$55,MATCH(I26,Topraklar!$A$2:$A$55,0)),"⚠ slug bulunamadı")) | K26: =INDEX(Uyum!$B$2:$AY$2,MATCH(MAX(Uyum!$B$27:$AY$27),Uyum!$B$27:$AY$27,0)) | L26: =MIN(1,MAX(Uyum!$B$27:$AY$27)) | M26: =IF(I26<>"",J26,K26) | N26: =IFERROR(TRIM(IF(E26>INDEX(Topraklar!$E$2:$E$55,MATCH(IF(I26<>"",I26,INDEX(Uyum!$B$1:$AY$1,MATCH(MAX(Uyum!$B$27:$AY$27),Uyum!$B$27:$AY$27,0))),Topraklar!$A$2:$A$55,0)),"Perlit karıştırın. ","")&IF(D26<INDEX(Topraklar!$D$2:$D$55,MATCH(IF(I26<>"",I26,INDEX(Uyum!$B$1:$AY$1,MATCH(MAX(Uyum!$B$27:$AY$27),Uyum!$B$27:$AY$27,0))),Topraklar!$A$2:$A$55,0)),"Asidik torf karıştırın. ","")&IF(F26>INDEX(Topraklar!$F$2:$F$55,MATCH(IF(I26<>"",I26,INDEX(Uyum!$B$1:$AY$1,MATCH(MAX(Uyum!$B$27:$AY$27),Uyum!$B$27:$AY$27,0))),Topraklar!$A$2:$A$55,0)),"Vermikülit karıştırın. ","")&IF(G26>INDEX(Topraklar!$G$2:$G$55,MATCH(IF(I26<>"",I26,INDEX(Uyum!$B$1:$AY$1,MATCH(MAX(Uyum!$B$27:$AY$27),Uyum!$B$27:$AY$27,0))),Topraklar!$A$2:$A$55,0)),"Solucan gübresi ekleyin.","")),"")
A27: Yuka | B27: yucca | C27: Salon | D27: 3 | E27: 3 | F27: 1 | G27: 1 | H27: Kumlu | I27: yuka-yucca-topragi-ozel-karisim | J27: =IF(I27="","",IFERROR(INDEX(Topraklar!$B$2:$B$55,MATCH(I27,Topraklar!$A$2:$A$55,0)),"⚠ slug bulunamadı")) | K27: =INDEX(Uyum!$B$2:$AY$2,MATCH(MAX(Uyum!$B$28:$AY$28),Uyum!$B$28:$AY$28,0)) | L27: =MIN(1,MAX(Uyum!$B$28:$AY$28)) | M27: =IF(I27<>"",J27,K27) | N27: =IFERROR(TRIM(IF(E27>INDEX(Topraklar!$E$2:$E$55,MATCH(IF(I27<>"",I27,INDEX(Uyum!$B$1:$AY$1,MATCH(MAX(Uyum!$B$28:$AY$28),Uyum!$B$28:$AY$28,0))),Topraklar!$A$2:$A$55,0)),"Perlit karıştırın. ","")&IF(D27<INDEX(Topraklar!$D$2:$D$55,MATCH(IF(I27<>"",I27,INDEX(Uyum!$B$1:$AY$1,MATCH(MAX(Uyum!$B$28:$AY$28),Uyum!$B$28:$AY$28,0))),Topraklar!$A$2:$A$55,0)),"Asidik torf karıştırın. ","")&IF(F27>INDEX(Topraklar!$F$2:$F$55,MATCH(IF(I27<>"",I27,INDEX(Uyum!$B$1:$AY$1,MATCH(MAX(Uyum!$B$28:$AY$28),Uyum!$B$28:$AY$28,0))),Topraklar!$A$2:$A$55,0)),"Vermikülit karıştırın. ","")&IF(G27>INDEX(Topraklar!$G$2:$G$55,MATCH(IF(I27<>"",I27,INDEX(Uyum!$B$1:$AY$1,MATCH(MAX(Uyum!$B$28:$AY$28),Uyum!$B$28:$AY$28,0))),Topraklar!$A$2:$A$55,0)),"Solucan gübresi ekleyin.","")),"")
A28: Aloe vera | B28: aloe, sarısabır | C28: Sukulent | D28: 3 | E28: 3 | F28: 1 | G28: 1 | H28: Kumlu | I28: hg-aloe-vera-topragi | J28: =IF(I28="","",IFERROR(INDEX(Topraklar!$B$2:$B$55,MATCH(I28,Topraklar!$A$2:$A$55,0)),"⚠ slug bulunamadı")) | K28: =INDEX(Uyum!$B$2:$AY$2,MATCH(MAX(Uyum!$B$29:$AY$29),Uyum!$B$29:$AY$29,0)) | L28: =MIN(1,MAX(Uyum!$B$29:$AY$29)) | M28: =IF(I28<>"",J28,K28) | N28: =IFERROR(TRIM(IF(E28>INDEX(Topraklar!$E$2:$E$55,MATCH(IF(I28<>"",I28,INDEX(Uyum!$B$1:$AY$1,MATCH(MAX(Uyum!$B$29:$AY$29),Uyum!$B$29:$AY$29,0))),Topraklar!$A$2:$A$55,0)),"Perlit karıştırın. ","")&IF(D28<INDEX(Topraklar!$D$2:$D$55,MATCH(IF(I28<>"",I28,INDEX(Uyum!$B$1:$AY$1,MATCH(MAX(Uyum!$B$29:$AY$29),Uyum!$B$29:$AY$29,0))),Topraklar!$A$2:$A$55,0)),"Asidik torf karıştırın. ","")&IF(F28>INDEX(Topraklar!$F$2:$F$55,MATCH(IF(I28<>"",I28,INDEX(Uyum!$B$1:$AY$1,MATCH(MAX(Uyum!$B$29:$AY$29),Uyum!$B$29:$AY$29,0))),Topraklar!$A$2:$A$55,0)),"Vermikülit karıştırın. ","")&IF(G28>INDEX(Topraklar!$G$2:$G$55,MATCH(IF(I28<>"",I28,INDEX(Uyum!$B$1:$AY$1,MATCH(MAX(Uyum!$B$29:$AY$29),Uyum!$B$29:$AY$29,0))),Topraklar!$A$2:$A$55,0)),"Solucan gübresi ekleyin.","")),"")
A29: Kaktüs | B29: cactus | C29: Sukulent | D29: 3 | E29: 3 | F29: 1 | G29: 1 | H29: Kumlu | I29: kaktus-ve-sukulent-topragi | J29: =IF(I29="","",IFERROR(INDEX(Topraklar!$B$2:$B$55,MATCH(I29,Topraklar!$A$2:$A$55,0)),"⚠ slug bulunamadı")) | K29: =INDEX(Uyum!$B$2:$AY$2,MATCH(MAX(Uyum!$B$30:$AY$30),Uyum!$B$30:$AY$30,0)) | L29: =MIN(1,MAX(Uyum!$B$30:$AY$30)) | M29: =IF(I29<>"",J29,K29) | N29: =IFERROR(TRIM(IF(E29>INDEX(Topraklar!$E$2:$E$55,MATCH(IF(I29<>"",I29,INDEX(Uyum!$B$1:$AY$1,MATCH(MAX(Uyum!$B$30:$AY$30),Uyum!$B$30:$AY$30,0))),Topraklar!$A$2:$A$55,0)),"Perlit karıştırın. ","")&IF(D29<INDEX(Topraklar!$D$2:$D$55,MATCH(IF(I29<>"",I29,INDEX(Uyum!$B$1:$AY$1,MATCH(MAX(Uyum!$B$30:$AY$30),Uyum!$B$30:$AY$30,0))),Topraklar!$A$2:$A$55,0)),"Asidik torf karıştırın. ","")&IF(F29>INDEX(Topraklar!$F$2:$F$55,MATCH(IF(I29<>"",I29,INDEX(Uyum!$B$1:$AY$1,MATCH(MAX(Uyum!$B$30:$AY$30),Uyum!$B$30:$AY$30,0))),Topraklar!$A$2:$A$55,0)),"Vermikülit karıştırın. ","")&IF(G29>INDEX(Topraklar!$G$2:$G$55,MATCH(IF(I29<>"",I29,INDEX(Uyum!$B$1:$AY$1,MATCH(MAX(Uyum!$B$30:$AY$30),Uyum!$B$30:$AY$30,0))),Topraklar!$A$2:$A$55,0)),"Solucan gübresi ekleyin.","")),"")
A30: Sukulent | B30: succulent, etli yapraklı | C30: Sukulent | D30: 3 | E30: 3 | F30: 1 | G30: 1 | H30: Kumlu | I30: kaktus-ve-sukulent-topragi | J30: =IF(I30="","",IFERROR(INDEX(Topraklar!$B$2:$B$55,MATCH(I30,Topraklar!$A$2:$A$55,0)),"⚠ slug bulunamadı")) | K30: =INDEX(Uyum!$B$2:$AY$2,MATCH(MAX(Uyum!$B$31:$AY$31),Uyum!$B$31:$AY$31,0)) | L30: =MIN(1,MAX(Uyum!$B$31:$AY$31)) | M30: =IF(I30<>"",J30,K30) | N30: =IFERROR(TRIM(IF(E30>INDEX(Topraklar!$E$2:$E$55,MATCH(IF(I30<>"",I30,INDEX(Uyum!$B$1:$AY$1,MATCH(MAX(Uyum!$B$31:$AY$31),Uyum!$B$31:$AY$31,0))),Topraklar!$A$2:$A$55,0)),"Perlit karıştırın. ","")&IF(D30<INDEX(Topraklar!$D$2:$D$55,MATCH(IF(I30<>"",I30,INDEX(Uyum!$B$1:$AY$1,MATCH(MAX(Uyum!$B$31:$AY$31),Uyum!$B$31:$AY$31,0))),Topraklar!$A$2:$A$55,0)),"Asidik torf karıştırın. ","")&IF(F30>INDEX(Topraklar!$F$2:$F$55,MATCH(IF(I30<>"",I30,INDEX(Uyum!$B$1:$AY$1,MATCH(MAX(Uyum!$B$31:$AY$31),Uyum!$B$31:$AY$31,0))),Topraklar!$A$2:$A$55,0)),"Vermikülit karıştırın. ","")&IF(G30>INDEX(Topraklar!$G$2:$G$55,MATCH(IF(I30<>"",I30,INDEX(Uyum!$B$1:$AY$1,MATCH(MAX(Uyum!$B$31:$AY$31),Uyum!$B$31:$AY$31,0))),Topraklar!$A$2:$A$55,0)),"Solucan gübresi ekleyin.","")),"")
A31: Yeşim | B31: crassula, yeşim ağacı | C31: Sukulent | D31: 3 | E31: 3 | F31: 1 | G31: 1 | H31: Kumlu | J31: =IF(I31="","",IFERROR(INDEX(Topraklar!$B$2:$B$55,MATCH(I31,Topraklar!$A$2:$A$55,0)),"⚠ slug bulunamadı")) | K31: =INDEX(Uyum!$B$2:$AY$2,MATCH(MAX(Uyum!$B$32:$AY$32),Uyum!$B$32:$AY$32,0)) | L31: =MIN(1,MAX(Uyum!$B$32:$AY$32)) | M31: =IF(I31<>"",J31,K31) | N31: =IFERROR(TRIM(IF(E31>INDEX(Topraklar!$E$2:$E$55,MATCH(IF(I31<>"",I31,INDEX(Uyum!$B$1:$AY$1,MATCH(MAX(Uyum!$B$32:$AY$32),Uyum!$B$32:$AY$32,0))),Topraklar!$A$2:$A$55,0)),"Perlit karıştırın. ","")&IF(D31<INDEX(Topraklar!$D$2:$D$55,MATCH(IF(I31<>"",I31,INDEX(Uyum!$B$1:$AY$1,MATCH(MAX(Uyum!$B$32:$AY$32),Uyum!$B$32:$AY$32,0))),Topraklar!$A$2:$A$55,0)),"Asidik torf karıştırın. ","")&IF(F31>INDEX(Topraklar!$F$2:$F$55,MATCH(IF(I31<>"",I31,INDEX(Uyum!$B$1:$AY$1,MATCH(MAX(Uyum!$B$32:$AY$32),Uyum!$B$32:$AY$32,0))),Topraklar!$A$2:$A$55,0)),"Vermikülit karıştırın. ","")&IF(G31>INDEX(Topraklar!$G$2:$G$55,MATCH(IF(I31<>"",I31,INDEX(Uyum!$B$1:$AY$1,MATCH(MAX(Uyum!$B$32:$AY$32),Uyum!$B$32:$AY$32,0))),Topraklar!$A$2:$A$55,0)),"Solucan gübresi ekleyin.","")),"")
A32: Kalanşo | B32: kalanchoe | C32: Sukulent | D32: 3 | E32: 3 | F32: 1 | G32: 2 | H32: Kumlu | J32: =IF(I32="","",IFERROR(INDEX(Topraklar!$B$2:$B$55,MATCH(I32,Topraklar!$A$2:$A$55,0)),"⚠ slug bulunamadı")) | K32: =INDEX(Uyum!$B$2:$AY$2,MATCH(MAX(Uyum!$B$33:$AY$33),Uyum!$B$33:$AY$33,0)) | L32: =MIN(1,MAX(Uyum!$B$33:$AY$33)) | M32: =IF(I32<>"",J32,K32) | N32: =IFERROR(TRIM(IF(E32>INDEX(Topraklar!$E$2:$E$55,MATCH(IF(I32<>"",I32,INDEX(Uyum!$B$1:$AY$1,MATCH(MAX(Uyum!$B$33:$AY$33),Uyum!$B$33:$AY$33,0))),Topraklar!$A$2:$A$55,0)),"Perlit karıştırın. ","")&IF(D32<INDEX(Topraklar!$D$2:$D$55,MATCH(IF(I32<>"",I32,INDEX(Uyum!$B$1:$AY$1,MATCH(MAX(Uyum!$B$33:$AY$33),Uyum!$B$33:$AY$33,0))),Topraklar!$A$2:$A$55,0)),"Asidik torf karıştırın. ","")&IF(F32>INDEX(Topraklar!$F$2:$F$55,MATCH(IF(I32<>"",I32,INDEX(Uyum!$B$1:$AY$1,MATCH(MAX(Uyum!$B$33:$AY$33),Uyum!$B$33:$AY$33,0))),Topraklar!$A$2:$A$55,0)),"Vermikülit karıştırın. ","")&IF(G32>INDEX(Topraklar!$G$2:$G$55,MATCH(IF(I32<>"",I32,INDEX(Uyum!$B$1:$AY$1,MATCH(MAX(Uyum!$B$33:$AY$33),Uyum!$B$33:$AY$33,0))),Topraklar!$A$2:$A$55,0)),"Solucan gübresi ekleyin.","")),"")
A33: Orkide | B33: orchid, phalaenopsis | C33: Salon | D33: 2 | E33: 3 | F33: 1 | G33: 1 | H33: Havalı | I33: gartengold-orkide-topragi | J33: =IF(I33="","",IFERROR(INDEX(Topraklar!$B$2:$B$55,MATCH(I33,Topraklar!$A$2:$A$55,0)),"⚠ slug bulunamadı")) | K33: =INDEX(Uyum!$B$2:$AY$2,MATCH(MAX(Uyum!$B$34:$AY$34),Uyum!$B$34:$AY$34,0)) | L33: =MIN(1,MAX(Uyum!$B$34:$AY$34)) | M33: =IF(I33<>"",J33,K33) | N33: =IFERROR(TRIM(IF(E33>INDEX(Topraklar!$E$2:$E$55,MATCH(IF(I33<>"",I33,INDEX(Uyum!$B$1:$AY$1,MATCH(MAX(Uyum!$B$34:$AY$34),Uyum!$B$34:$AY$34,0))),Topraklar!$A$2:$A$55,0)),"Perlit karıştırın. ","")&IF(D33<INDEX(Topraklar!$D$2:$D$55,MATCH(IF(I33<>"",I33,INDEX(Uyum!$B$1:$AY$1,MATCH(MAX(Uyum!$B$34:$AY$34),Uyum!$B$34:$AY$34,0))),Topraklar!$A$2:$A$55,0)),"Asidik torf karıştırın. ","")&IF(F33>INDEX(Topraklar!$F$2:$F$55,MATCH(IF(I33<>"",I33,INDEX(Uyum!$B$1:$AY$1,MATCH(MAX(Uyum!$B$34:$AY$34),Uyum!$B$34:$AY$34,0))),Topraklar!$A$2:$A$55,0)),"Vermikülit karıştırın. ","")&IF(G33>INDEX(Topraklar!$G$2:$G$55,MATCH(IF(I33<>"",I33,INDEX(Uyum!$B$1:$AY$1,MATCH(MAX(Uyum!$B$34:$AY$34),Uyum!$B$34:$AY$34,0))),Topraklar!$A$2:$A$55,0)),"Solucan gübresi ekleyin.","")),"")
A34: Afrika menekşesi | B34: menekşe, saintpaulia | C34: Salon | D34: 2 | E34: 2 | F34: 2 | G34: 2 | H34: Havalı | I34: hg-menekse-topragi | J34: =IF(I34="","",IFERROR(INDEX(Topraklar!$B$2:$B$55,MATCH(I34,Topraklar!$A$2:$A$55,0)),"⚠ slug bulunamadı")) | K34: =INDEX(Uyum!$B$2:$AY$2,MATCH(MAX(Uyum!$B$35:$AY$35),Uyum!$B$35:$AY$35,0)) | L34: =MIN(1,MAX(Uyum!$B$35:$AY$35)) | M34: =IF(I34<>"",J34,K34) | N34: =IFERROR(TRIM(IF(E34>INDEX(Topraklar!$E$2:$E$55,MATCH(IF(I34<>"",I34,INDEX(Uyum!$B$1:$AY$1,MATCH(MAX(Uyum!$B$35:$AY$35),Uyum!$B$35:$AY$35,0))),Topraklar!$A$2:$A$55,0)),"Perlit karıştırın. ","")&IF(D34<INDEX(Topraklar!$D$2:$D$55,MATCH(IF(I34<>"",I34,INDEX(Uyum!$B$1:$AY$1,MATCH(MAX(Uyum!$B$35:$AY$35),Uyum!$B$35:$AY$35,0))),Topraklar!$A$2:$A$55,0)),"Asidik torf karıştırın. ","")&IF(F34>INDEX(Topraklar!$F$2:$F$55,MATCH(IF(I34<>"",I34,INDEX(Uyum!$B$1:$AY$1,MATCH(MAX(Uyum!$B$35:$AY$35),Uyum!$B$35:$AY$35,0))),Topraklar!$A$2:$A$55,0)),"Vermikülit karıştırın. ","")&IF(G34>INDEX(Topraklar!$G$2:$G$55,MATCH(IF(I34<>"",I34,INDEX(Uyum!$B$1:$AY$1,MATCH(MAX(Uyum!$B$35:$AY$35),Uyum!$B$35:$AY$35,0))),Topraklar!$A$2:$A$55,0)),"Solucan gübresi ekleyin.","")),"")
A35: Begonvil | B35: bougainvillea | C35: Çiçek | D35: 2 | E35: 3 | F35: 1 | G35: 2 | H35: Kumlu | I35: hg-begonvil-topragi | J35: =IF(I35="","",IFERROR(INDEX(Topraklar!$B$2:$B$55,MATCH(I35,Topraklar!$A$2:$A$55,0)),"⚠ slug bulunamadı")) | K35: =INDEX(Uyum!$B$2:$AY$2,MATCH(MAX(Uyum!$B$36:$AY$36),Uyum!$B$36:$AY$36,0)) | L35: =MIN(1,MAX(Uyum!$B$36:$AY$36)) | M35: =IF(I35<>"",J35,K35) | N35: =IFERROR(TRIM(IF(E35>INDEX(Topraklar!$E$2:$E$55,MATCH(IF(I35<>"",I35,INDEX(Uyum!$B$1:$AY$1,MATCH(MAX(Uyum!$B$36:$AY$36),Uyum!$B$36:$AY$36,0))),Topraklar!$A$2:$A$55,0)),"Perlit karıştırın. ","")&IF(D35<INDEX(Topraklar!$D$2:$D$55,MATCH(IF(I35<>"",I35,INDEX(Uyum!$B$1:$AY$1,MATCH(MAX(Uyum!$B$36:$AY$36),Uyum!$B$36:$AY$36,0))),Topraklar!$A$2:$A$55,0)),"Asidik torf karıştırın. ","")&IF(F35>INDEX(Topraklar!$F$2:$F$55,MATCH(IF(I35<>"",I35,INDEX(Uyum!$B$1:$AY$1,MATCH(MAX(Uyum!$B$36:$AY$36),Uyum!$B$36:$AY$36,0))),Topraklar!$A$2:$A$55,0)),"Vermikülit karıştırın. ","")&IF(G35>INDEX(Topraklar!$G$2:$G$55,MATCH(IF(I35<>"",I35,INDEX(Uyum!$B$1:$AY$1,MATCH(MAX(Uyum!$B$36:$AY$36),Uyum!$B$36:$AY$36,0))),Topraklar!$A$2:$A$55,0)),"Solucan gübresi ekleyin.","")),"")
A36: Sardunya | B36: pelargonium, itır | C36: Çiçek | D36: 3 | E36: 3 | F36: 1 | G36: 2 | H36: Kumlu | I36: sardunya-pelargonium-cicegi-topragi | J36: =IF(I36="","",IFERROR(INDEX(Topraklar!$B$2:$B$55,MATCH(I36,Topraklar!$A$2:$A$55,0)),"⚠ slug bulunamadı")) | K36: =INDEX(Uyum!$B$2:$AY$2,MATCH(MAX(Uyum!$B$37:$AY$37),Uyum!$B$37:$AY$37,0)) | L36: =MIN(1,MAX(Uyum!$B$37:$AY$37)) | M36: =IF(I36<>"",J36,K36) | N36: =IFERROR(TRIM(IF(E36>INDEX(Topraklar!$E$2:$E$55,MATCH(IF(I36<>"",I36,INDEX(Uyum!$B$1:$AY$1,MATCH(MAX(Uyum!$B$37:$AY$37),Uyum!$B$37:$AY$37,0))),Topraklar!$A$2:$A$55,0)),"Perlit karıştırın. ","")&IF(D36<INDEX(Topraklar!$D$2:$D$55,MATCH(IF(I36<>"",I36,INDEX(Uyum!$B$1:$AY$1,MATCH(MAX(Uyum!$B$37:$AY$37),Uyum!$B$37:$AY$37,0))),Topraklar!$A$2:$A$55,0)),"Asidik torf karıştırın. ","")&IF(F36>INDEX(Topraklar!$F$2:$F$55,MATCH(IF(I36<>"",I36,INDEX(Uyum!$B$1:$AY$1,MATCH(MAX(Uyum!$B$37:$AY$37),Uyum!$B$37:$AY$37,0))),Topraklar!$A$2:$A$55,0)),"Vermikülit karıştırın. ","")&IF(G36>INDEX(Topraklar!$G$2:$G$55,MATCH(IF(I36<>"",I36,INDEX(Uyum!$B$1:$AY$1,MATCH(MAX(Uyum!$B$37:$AY$37),Uyum!$B$37:$AY$37,0))),Topraklar!$A$2:$A$55,0)),"Solucan gübresi ekleyin.","")),"")
A37: Starliçe | B37: cennet kuşu, strelitzia | C37: Salon | D37: 2 | E37: 2 | F37: 2 | G37: 3 | H37: Dengeli | I37: hg-starlice-cennet-kusu-topragi | J37: =IF(I37="","",IFERROR(INDEX(Topraklar!$B$2:$B$55,MATCH(I37,Topraklar!$A$2:$A$55,0)),"⚠ slug bulunamadı")) | K37: =INDEX(Uyum!$B$2:$AY$2,MATCH(MAX(Uyum!$B$38:$AY$38),Uyum!$B$38:$AY$38,0)) | L37: =MIN(1,MAX(Uyum!$B$38:$AY$38)) | M37: =IF(I37<>"",J37,K37) | N37: =IFERROR(TRIM(IF(E37>INDEX(Topraklar!$E$2:$E$55,MATCH(IF(I37<>"",I37,INDEX(Uyum!$B$1:$AY$1,MATCH(MAX(Uyum!$B$38:$AY$38),Uyum!$B$38:$AY$38,0))),Topraklar!$A$2:$A$55,0)),"Perlit karıştırın. ","")&IF(D37<INDEX(Topraklar!$D$2:$D$55,MATCH(IF(I37<>"",I37,INDEX(Uyum!$B$1:$AY$1,MATCH(MAX(Uyum!$B$38:$AY$38),Uyum!$B$38:$AY$38,0))),Topraklar!$A$2:$A$55,0)),"Asidik torf karıştırın. ","")&IF(F37>INDEX(Topraklar!$F$2:$F$55,MATCH(IF(I37<>"",I37,INDEX(Uyum!$B$1:$AY$1,MATCH(MAX(Uyum!$B$38:$AY$38),Uyum!$B$38:$AY$38,0))),Topraklar!$A$2:$A$55,0)),"Vermikülit karıştırın. ","")&IF(G37>INDEX(Topraklar!$G$2:$G$55,MATCH(IF(I37<>"",I37,INDEX(Uyum!$B$1:$AY$1,MATCH(MAX(Uyum!$B$38:$AY$38),Uyum!$B$38:$AY$38,0))),Topraklar!$A$2:$A$55,0)),"Solucan gübresi ekleyin.","")),"")
A38: Bonsai | C38: Salon | D38: 2 | E38: 3 | F38: 1 | G38: 1 | H38: Kumlu | I38: hg-bonsai-saksi-topragi | J38: =IF(I38="","",IFERROR(INDEX(Topraklar!$B$2:$B$55,MATCH(I38,Topraklar!$A$2:$A$55,0)),"⚠ slug bulunamadı")) | K38: =INDEX(Uyum!$B$2:$AY$2,MATCH(MAX(Uyum!$B$39:$AY$39),Uyum!$B$39:$AY$39,0)) | L38: =MIN(1,MAX(Uyum!$B$39:$AY$39)) | M38: =IF(I38<>"",J38,K38) | N38: =IFERROR(TRIM(IF(E38>INDEX(Topraklar!$E$2:$E$55,MATCH(IF(I38<>"",I38,INDEX(Uyum!$B$1:$AY$1,MATCH(MAX(Uyum!$B$39:$AY$39),Uyum!$B$39:$AY$39,0))),Topraklar!$A$2:$A$55,0)),"Perlit karıştırın. ","")&IF(D38<INDEX(Topraklar!$D$2:$D$55,MATCH(IF(I38<>"",I38,INDEX(Uyum!$B$1:$AY$1,MATCH(MAX(Uyum!$B$39:$AY$39),Uyum!$B$39:$AY$39,0))),Topraklar!$A$2:$A$55,0)),"Asidik torf karıştırın. ","")&IF(F38>INDEX(Topraklar!$F$2:$F$55,MATCH(IF(I38<>"",I38,INDEX(Uyum!$B$1:$AY$1,MATCH(MAX(Uyum!$B$39:$AY$39),Uyum!$B$39:$AY$39,0))),Topraklar!$A$2:$A$55,0)),"Vermikülit karıştırın. ","")&IF(G38>INDEX(Topraklar!$G$2:$G$55,MATCH(IF(I38<>"",I38,INDEX(Uyum!$B$1:$AY$1,MATCH(MAX(Uyum!$B$39:$AY$39),Uyum!$B$39:$AY$39,0))),Topraklar!$A$2:$A$55,0)),"Solucan gübresi ekleyin.","")),"")
A39: Para ağacı | B39: pachira | C39: Salon | D39: 2 | E39: 3 | F39: 1 | G39: 2 | H39: Kumlu | I39: hg-para-agaci-saksi-topragi | J39: =IF(I39="","",IFERROR(INDEX(Topraklar!$B$2:$B$55,MATCH(I39,Topraklar!$A$2:$A$55,0)),"⚠ slug bulunamadı")) | K39: =INDEX(Uyum!$B$2:$AY$2,MATCH(MAX(Uyum!$B$40:$AY$40),Uyum!$B$40:$AY$40,0)) | L39: =MIN(1,MAX(Uyum!$B$40:$AY$40)) | M39: =IF(I39<>"",J39,K39) | N39: =IFERROR(TRIM(IF(E39>INDEX(Topraklar!$E$2:$E$55,MATCH(IF(I39<>"",I39,INDEX(Uyum!$B$1:$AY$1,MATCH(MAX(Uyum!$B$40:$AY$40),Uyum!$B$40:$AY$40,0))),Topraklar!$A$2:$A$55,0)),"Perlit karıştırın. ","")&IF(D39<INDEX(Topraklar!$D$2:$D$55,MATCH(IF(I39<>"",I39,INDEX(Uyum!$B$1:$AY$1,MATCH(MAX(Uyum!$B$40:$AY$40),Uyum!$B$40:$AY$40,0))),Topraklar!$A$2:$A$55,0)),"Asidik torf karıştırın. ","")&IF(F39>INDEX(Topraklar!$F$2:$F$55,MATCH(IF(I39<>"",I39,INDEX(Uyum!$B$1:$AY$1,MATCH(MAX(Uyum!$B$40:$AY$40),Uyum!$B$40:$AY$40,0))),Topraklar!$A$2:$A$55,0)),"Vermikülit karıştırın. ","")&IF(G39>INDEX(Topraklar!$G$2:$G$55,MATCH(IF(I39<>"",I39,INDEX(Uyum!$B$1:$AY$1,MATCH(MAX(Uyum!$B$40:$AY$40),Uyum!$B$40:$AY$40,0))),Topraklar!$A$2:$A$55,0)),"Solucan gübresi ekleyin.","")),"")
A40: Gül | B40: rose | C40: Çiçek | D40: 3 | E40: 2 | F40: 2 | G40: 3 | H40: Dengeli | I40: hg-gul-topragi-gullere-ozel-toprak-karisimi | J40: =IF(I40="","",IFERROR(INDEX(Topraklar!$B$2:$B$55,MATCH(I40,Topraklar!$A$2:$A$55,0)),"⚠ slug bulunamadı")) | K40: =INDEX(Uyum!$B$2:$AY$2,MATCH(MAX(Uyum!$B$41:$AY$41),Uyum!$B$41:$AY$41,0)) | L40: =MIN(1,MAX(Uyum!$B$41:$AY$41)) | M40: =IF(I40<>"",J40,K40) | N40: =IFERROR(TRIM(IF(E40>INDEX(Topraklar!$E$2:$E$55,MATCH(IF(I40<>"",I40,INDEX(Uyum!$B$1:$AY$1,MATCH(MAX(Uyum!$B$41:$AY$41),Uyum!$B$41:$AY$41,0))),Topraklar!$A$2:$A$55,0)),"Perlit karıştırın. ","")&IF(D40<INDEX(Topraklar!$D$2:$D$55,MATCH(IF(I40<>"",I40,INDEX(Uyum!$B$1:$AY$1,MATCH(MAX(Uyum!$B$41:$AY$41),Uyum!$B$41:$AY$41,0))),Topraklar!$A$2:$A$55,0)),"Asidik torf karıştırın. ","")&IF(F40>INDEX(Topraklar!$F$2:$F$55,MATCH(IF(I40<>"",I40,INDEX(Uyum!$B$1:$AY$1,MATCH(MAX(Uyum!$B$41:$AY$41),Uyum!$B$41:$AY$41,0))),Topraklar!$A$2:$A$55,0)),"Vermikülit karıştırın. ","")&IF(G40>INDEX(Topraklar!$G$2:$G$55,MATCH(IF(I40<>"",I40,INDEX(Uyum!$B$1:$AY$1,MATCH(MAX(Uyum!$B$41:$AY$41),Uyum!$B$41:$AY$41,0))),Topraklar!$A$2:$A$55,0)),"Solucan gübresi ekleyin.","")),"")
A41: Ortanca | B41: hortensia, hydrangea | C41: Asit seven | D41: 1 | E41: 2 | F41: 2 | G41: 2 | H41: Dengeli | I41: yaban-mersini-ve-ortanca-topragi | J41: =IF(I41="","",IFERROR(INDEX(Topraklar!$B$2:$B$55,MATCH(I41,Topraklar!$A$2:$A$55,0)),"⚠ slug bulunamadı")) | K41: =INDEX(Uyum!$B$2:$AY$2,MATCH(MAX(Uyum!$B$42:$AY$42),Uyum!$B$42:$AY$42,0)) | L41: =MIN(1,MAX(Uyum!$B$42:$AY$42)) | M41: =IF(I41<>"",J41,K41) | N41: =IFERROR(TRIM(IF(E41>INDEX(Topraklar!$E$2:$E$55,MATCH(IF(I41<>"",I41,INDEX(Uyum!$B$1:$AY$1,MATCH(MAX(Uyum!$B$42:$AY$42),Uyum!$B$42:$AY$42,0))),Topraklar!$A$2:$A$55,0)),"Perlit karıştırın. ","")&IF(D41<INDEX(Topraklar!$D$2:$D$55,MATCH(IF(I41<>"",I41,INDEX(Uyum!$B$1:$AY$1,MATCH(MAX(Uyum!$B$42:$AY$42),Uyum!$B$42:$AY$42,0))),Topraklar!$A$2:$A$55,0)),"Asidik torf karıştırın. ","")&IF(F41>INDEX(Topraklar!$F$2:$F$55,MATCH(IF(I41<>"",I41,INDEX(Uyum!$B$1:$AY$1,MATCH(MAX(Uyum!$B$42:$AY$42),Uyum!$B$42:$AY$42,0))),Topraklar!$A$2:$A$55,0)),"Vermikülit karıştırın. ","")&IF(G41>INDEX(Topraklar!$G$2:$G$55,MATCH(IF(I41<>"",I41,INDEX(Uyum!$B$1:$AY$1,MATCH(MAX(Uyum!$B$42:$AY$42),Uyum!$B$42:$AY$42,0))),Topraklar!$A$2:$A$55,0)),"Solucan gübresi ekleyin.","")),"")
A42: Açelya | B42: azalea, azelya | C42: Asit seven | D42: 1 | E42: 2 | F42: 2 | G42: 2 | H42: Dengeli | I42: ortanca-bogurtlen-acelya-topragi | J42: =IF(I42="","",IFERROR(INDEX(Topraklar!$B$2:$B$55,MATCH(I42,Topraklar!$A$2:$A$55,0)),"⚠ slug bulunamadı")) | K42: =INDEX(Uyum!$B$2:$AY$2,MATCH(MAX(Uyum!$B$43:$AY$43),Uyum!$B$43:$AY$43,0)) | L42: =MIN(1,MAX(Uyum!$B$43:$AY$43)) | M42: =IF(I42<>"",J42,K42) | N42: =IFERROR(TRIM(IF(E42>INDEX(Topraklar!$E$2:$E$55,MATCH(IF(I42<>"",I42,INDEX(Uyum!$B$1:$AY$1,MATCH(MAX(Uyum!$B$43:$AY$43),Uyum!$B$43:$AY$43,0))),Topraklar!$A$2:$A$55,0)),"Perlit karıştırın. ","")&IF(D42<INDEX(Topraklar!$D$2:$D$55,MATCH(IF(I42<>"",I42,INDEX(Uyum!$B$1:$AY$1,MATCH(MAX(Uyum!$B$43:$AY$43),Uyum!$B$43:$AY$43,0))),Topraklar!$A$2:$A$55,0)),"Asidik torf karıştırın. ","")&IF(F42>INDEX(Topraklar!$F$2:$F$55,MATCH(IF(I42<>"",I42,INDEX(Uyum!$B$1:$AY$1,MATCH(MAX(Uyum!$B$43:$AY$43),Uyum!$B$43:$AY$43,0))),Topraklar!$A$2:$A$55,0)),"Vermikülit karıştırın. ","")&IF(G42>INDEX(Topraklar!$G$2:$G$55,MATCH(IF(I42<>"",I42,INDEX(Uyum!$B$1:$AY$1,MATCH(MAX(Uyum!$B$43:$AY$43),Uyum!$B$43:$AY$43,0))),Topraklar!$A$2:$A$55,0)),"Solucan gübresi ekleyin.","")),"")
A43: Kamelya | B43: camellia | C43: Asit seven | D43: 1 | E43: 2 | F43: 2 | G43: 2 | H43: Dengeli | J43: =IF(I43="","",IFERROR(INDEX(Topraklar!$B$2:$B$55,MATCH(I43,Topraklar!$A$2:$A$55,0)),"⚠ slug bulunamadı")) | K43: =INDEX(Uyum!$B$2:$AY$2,MATCH(MAX(Uyum!$B$44:$AY$44),Uyum!$B$44:$AY$44,0)) | L43: =MIN(1,MAX(Uyum!$B$44:$AY$44)) | M43: =IF(I43<>"",J43,K43) | N43: =IFERROR(TRIM(IF(E43>INDEX(Topraklar!$E$2:$E$55,MATCH(IF(I43<>"",I43,INDEX(Uyum!$B$1:$AY$1,MATCH(MAX(Uyum!$B$44:$AY$44),Uyum!$B$44:$AY$44,0))),Topraklar!$A$2:$A$55,0)),"Perlit karıştırın. ","")&IF(D43<INDEX(Topraklar!$D$2:$D$55,MATCH(IF(I43<>"",I43,INDEX(Uyum!$B$1:$AY$1,MATCH(MAX(Uyum!$B$44:$AY$44),Uyum!$B$44:$AY$44,0))),Topraklar!$A$2:$A$55,0)),"Asidik torf karıştırın. ","")&IF(F43>INDEX(Topraklar!$F$2:$F$55,MATCH(IF(I43<>"",I43,INDEX(Uyum!$B$1:$AY$1,MATCH(MAX(Uyum!$B$44:$AY$44),Uyum!$B$44:$AY$44,0))),Topraklar!$A$2:$A$55,0)),"Vermikülit karıştırın. ","")&IF(G43>INDEX(Topraklar!$G$2:$G$55,MATCH(IF(I43<>"",I43,INDEX(Uyum!$B$1:$AY$1,MATCH(MAX(Uyum!$B$44:$AY$44),Uyum!$B$44:$AY$44,0))),Topraklar!$A$2:$A$55,0)),"Solucan gübresi ekleyin.","")),"")
A44: Gardenya | B44: gardenia | C44: Asit seven | D44: 1 | E44: 2 | F44: 2 | G44: 2 | H44: Dengeli | J44: =IF(I44="","",IFERROR(INDEX(Topraklar!$B$2:$B$55,MATCH(I44,Topraklar!$A$2:$A$55,0)),"⚠ slug bulunamadı")) | K44: =INDEX(Uyum!$B$2:$AY$2,MATCH(MAX(Uyum!$B$45:$AY$45),Uyum!$B$45:$AY$45,0)) | L44: =MIN(1,MAX(Uyum!$B$45:$AY$45)) | M44: =IF(I44<>"",J44,K44) | N44: =IFERROR(TRIM(IF(E44>INDEX(Topraklar!$E$2:$E$55,MATCH(IF(I44<>"",I44,INDEX(Uyum!$B$1:$AY$1,MATCH(MAX(Uyum!$B$45:$AY$45),Uyum!$B$45:$AY$45,0))),Topraklar!$A$2:$A$55,0)),"Perlit karıştırın. ","")&IF(D44<INDEX(Topraklar!$D$2:$D$55,MATCH(IF(I44<>"",I44,INDEX(Uyum!$B$1:$AY$1,MATCH(MAX(Uyum!$B$45:$AY$45),Uyum!$B$45:$AY$45,0))),Topraklar!$A$2:$A$55,0)),"Asidik torf karıştırın. ","")&IF(F44>INDEX(Topraklar!$F$2:$F$55,MATCH(IF(I44<>"",I44,INDEX(Uyum!$B$1:$AY$1,MATCH(MAX(Uyum!$B$45:$AY$45),Uyum!$B$45:$AY$45,0))),Topraklar!$A$2:$A$55,0)),"Vermikülit karıştırın. ","")&IF(G44>INDEX(Topraklar!$G$2:$G$55,MATCH(IF(I44<>"",I44,INDEX(Uyum!$B$1:$AY$1,MATCH(MAX(Uyum!$B$45:$AY$45),Uyum!$B$45:$AY$45,0))),Topraklar!$A$2:$A$55,0)),"Solucan gübresi ekleyin.","")),"")
A45: Lavanta | B45: lavender | C45: Aromatik | D45: 4 | E45: 3 | F45: 1 | G45: 1 | H45: Kumlu | I45: hg-aromatik-bitkiler-icin-saksi-topragi | J45: =IF(I45="","",IFERROR(INDEX(Topraklar!$B$2:$B$55,MATCH(I45,Topraklar!$A$2:$A$55,0)),"⚠ slug bulunamadı")) | K45: =INDEX(Uyum!$B$2:$AY$2,MATCH(MAX(Uyum!$B$46:$AY$46),Uyum!$B$46:$AY$46,0)) | L45: =MIN(1,MAX(Uyum!$B$46:$AY$46)) | M45: =IF(I45<>"",J45,K45) | N45: =IFERROR(TRIM(IF(E45>INDEX(Topraklar!$E$2:$E$55,MATCH(IF(I45<>"",I45,INDEX(Uyum!$B$1:$AY$1,MATCH(MAX(Uyum!$B$46:$AY$46),Uyum!$B$46:$AY$46,0))),Topraklar!$A$2:$A$55,0)),"Perlit karıştırın. ","")&IF(D45<INDEX(Topraklar!$D$2:$D$55,MATCH(IF(I45<>"",I45,INDEX(Uyum!$B$1:$AY$1,MATCH(MAX(Uyum!$B$46:$AY$46),Uyum!$B$46:$AY$46,0))),Topraklar!$A$2:$A$55,0)),"Asidik torf karıştırın. ","")&IF(F45>INDEX(Topraklar!$F$2:$F$55,MATCH(IF(I45<>"",I45,INDEX(Uyum!$B$1:$AY$1,MATCH(MAX(Uyum!$B$46:$AY$46),Uyum!$B$46:$AY$46,0))),Topraklar!$A$2:$A$55,0)),"Vermikülit karıştırın. ","")&IF(G45>INDEX(Topraklar!$G$2:$G$55,MATCH(IF(I45<>"",I45,INDEX(Uyum!$B$1:$AY$1,MATCH(MAX(Uyum!$B$46:$AY$46),Uyum!$B$46:$AY$46,0))),Topraklar!$A$2:$A$55,0)),"Solucan gübresi ekleyin.","")),"")
A46: Biberiye | B46: rosemary | C46: Aromatik | D46: 3 | E46: 3 | F46: 1 | G46: 1 | H46: Kumlu | I46: hg-aromatik-bitkiler-icin-saksi-topragi | J46: =IF(I46="","",IFERROR(INDEX(Topraklar!$B$2:$B$55,MATCH(I46,Topraklar!$A$2:$A$55,0)),"⚠ slug bulunamadı")) | K46: =INDEX(Uyum!$B$2:$AY$2,MATCH(MAX(Uyum!$B$47:$AY$47),Uyum!$B$47:$AY$47,0)) | L46: =MIN(1,MAX(Uyum!$B$47:$AY$47)) | M46: =IF(I46<>"",J46,K46) | N46: =IFERROR(TRIM(IF(E46>INDEX(Topraklar!$E$2:$E$55,MATCH(IF(I46<>"",I46,INDEX(Uyum!$B$1:$AY$1,MATCH(MAX(Uyum!$B$47:$AY$47),Uyum!$B$47:$AY$47,0))),Topraklar!$A$2:$A$55,0)),"Perlit karıştırın. ","")&IF(D46<INDEX(Topraklar!$D$2:$D$55,MATCH(IF(I46<>"",I46,INDEX(Uyum!$B$1:$AY$1,MATCH(MAX(Uyum!$B$47:$AY$47),Uyum!$B$47:$AY$47,0))),Topraklar!$A$2:$A$55,0)),"Asidik torf karıştırın. ","")&IF(F46>INDEX(Topraklar!$F$2:$F$55,MATCH(IF(I46<>"",I46,INDEX(Uyum!$B$1:$AY$1,MATCH(MAX(Uyum!$B$47:$AY$47),Uyum!$B$47:$AY$47,0))),Topraklar!$A$2:$A$55,0)),"Vermikülit karıştırın. ","")&IF(G46>INDEX(Topraklar!$G$2:$G$55,MATCH(IF(I46<>"",I46,INDEX(Uyum!$B$1:$AY$1,MATCH(MAX(Uyum!$B$47:$AY$47),Uyum!$B$47:$AY$47,0))),Topraklar!$A$2:$A$55,0)),"Solucan gübresi ekleyin.","")),"")
A47: Fesleğen | B47: reyhan, basil | C47: Aromatik | D47: 3 | E47: 2 | F47: 2 | G47: 2 | H47: Dengeli | I47: hg-aromatik-bitkiler-icin-saksi-topragi | J47: =IF(I47="","",IFERROR(INDEX(Topraklar!$B$2:$B$55,MATCH(I47,Topraklar!$A$2:$A$55,0)),"⚠ slug bulunamadı")) | K47: =INDEX(Uyum!$B$2:$AY$2,MATCH(MAX(Uyum!$B$48:$AY$48),Uyum!$B$48:$AY$48,0)) | L47: =MIN(1,MAX(Uyum!$B$48:$AY$48)) | M47: =IF(I47<>"",J47,K47) | N47: =IFERROR(TRIM(IF(E47>INDEX(Topraklar!$E$2:$E$55,MATCH(IF(I47<>"",I47,INDEX(Uyum!$B$1:$AY$1,MATCH(MAX(Uyum!$B$48:$AY$48),Uyum!$B$48:$AY$48,0))),Topraklar!$A$2:$A$55,0)),"Perlit karıştırın. ","")&IF(D47<INDEX(Topraklar!$D$2:$D$55,MATCH(IF(I47<>"",I47,INDEX(Uyum!$B$1:$AY$1,MATCH(MAX(Uyum!$B$48:$AY$48),Uyum!$B$48:$AY$48,0))),Topraklar!$A$2:$A$55,0)),"Asidik torf karıştırın. ","")&IF(F47>INDEX(Topraklar!$F$2:$F$55,MATCH(IF(I47<>"",I47,INDEX(Uyum!$B$1:$AY$1,MATCH(MAX(Uyum!$B$48:$AY$48),Uyum!$B$48:$AY$48,0))),Topraklar!$A$2:$A$55,0)),"Vermikülit karıştırın. ","")&IF(G47>INDEX(Topraklar!$G$2:$G$55,MATCH(IF(I47<>"",I47,INDEX(Uyum!$B$1:$AY$1,MATCH(MAX(Uyum!$B$48:$AY$48),Uyum!$B$48:$AY$48,0))),Topraklar!$A$2:$A$55,0)),"Solucan gübresi ekleyin.","")),"")
A48: Nane | B48: mint | C48: Aromatik | D48: 3 | E48: 2 | F48: 3 | G48: 2 | H48: Dengeli | I48: hg-aromatik-bitkiler-icin-saksi-topragi | J48: =IF(I48="","",IFERROR(INDEX(Topraklar!$B$2:$B$55,MATCH(I48,Topraklar!$A$2:$A$55,0)),"⚠ slug bulunamadı")) | K48: =INDEX(Uyum!$B$2:$AY$2,MATCH(MAX(Uyum!$B$49:$AY$49),Uyum!$B$49:$AY$49,0)) | L48: =MIN(1,MAX(Uyum!$B$49:$AY$49)) | M48: =IF(I48<>"",J48,K48) | N48: =IFERROR(TRIM(IF(E48>INDEX(Topraklar!$E$2:$E$55,MATCH(IF(I48<>"",I48,INDEX(Uyum!$B$1:$AY$1,MATCH(MAX(Uyum!$B$49:$AY$49),Uyum!$B$49:$AY$49,0))),Topraklar!$A$2:$A$55,0)),"Perlit karıştırın. ","")&IF(D48<INDEX(Topraklar!$D$2:$D$55,MATCH(IF(I48<>"",I48,INDEX(Uyum!$B$1:$AY$1,MATCH(MAX(Uyum!$B$49:$AY$49),Uyum!$B$49:$AY$49,0))),Topraklar!$A$2:$A$55,0)),"Asidik torf karıştırın. ","")&IF(F48>INDEX(Topraklar!$F$2:$F$55,MATCH(IF(I48<>"",I48,INDEX(Uyum!$B$1:$AY$1,MATCH(MAX(Uyum!$B$49:$AY$49),Uyum!$B$49:$AY$49,0))),Topraklar!$A$2:$A$55,0)),"Vermikülit karıştırın. ","")&IF(G48>INDEX(Topraklar!$G$2:$G$55,MATCH(IF(I48<>"",I48,INDEX(Uyum!$B$1:$AY$1,MATCH(MAX(Uyum!$B$49:$AY$49),Uyum!$B$49:$AY$49,0))),Topraklar!$A$2:$A$55,0)),"Solucan gübresi ekleyin.","")),"")
A49: Kekik | B49: thyme | C49: Aromatik | D49: 3 | E49: 3 | F49: 1 | G49: 1 | H49: Kumlu | I49: hg-aromatik-bitkiler-icin-saksi-topragi | J49: =IF(I49="","",IFERROR(INDEX(Topraklar!$B$2:$B$55,MATCH(I49,Topraklar!$A$2:$A$55,0)),"⚠ slug bulunamadı")) | K49: =INDEX(Uyum!$B$2:$AY$2,MATCH(MAX(Uyum!$B$50:$AY$50),Uyum!$B$50:$AY$50,0)) | L49: =MIN(1,MAX(Uyum!$B$50:$AY$50)) | M49: =IF(I49<>"",J49,K49) | N49: =IFERROR(TRIM(IF(E49>INDEX(Topraklar!$E$2:$E$55,MATCH(IF(I49<>"",I49,INDEX(Uyum!$B$1:$AY$1,MATCH(MAX(Uyum!$B$50:$AY$50),Uyum!$B$50:$AY$50,0))),Topraklar!$A$2:$A$55,0)),"Perlit karıştırın. ","")&IF(D49<INDEX(Topraklar!$D$2:$D$55,MATCH(IF(I49<>"",I49,INDEX(Uyum!$B$1:$AY$1,MATCH(MAX(Uyum!$B$50:$AY$50),Uyum!$B$50:$AY$50,0))),Topraklar!$A$2:$A$55,0)),"Asidik torf karıştırın. ","")&IF(F49>INDEX(Topraklar!$F$2:$F$55,MATCH(IF(I49<>"",I49,INDEX(Uyum!$B$1:$AY$1,MATCH(MAX(Uyum!$B$50:$AY$50),Uyum!$B$50:$AY$50,0))),Topraklar!$A$2:$A$55,0)),"Vermikülit karıştırın. ","")&IF(G49>INDEX(Topraklar!$G$2:$G$55,MATCH(IF(I49<>"",I49,INDEX(Uyum!$B$1:$AY$1,MATCH(MAX(Uyum!$B$50:$AY$50),Uyum!$B$50:$AY$50,0))),Topraklar!$A$2:$A$55,0)),"Solucan gübresi ekleyin.","")),"")
A50: Adaçayı | B50: sage | C50: Aromatik | D50: 3 | E50: 3 | F50: 1 | G50: 1 | H50: Kumlu | I50: hg-aromatik-bitkiler-icin-saksi-topragi | J50: =IF(I50="","",IFERROR(INDEX(Topraklar!$B$2:$B$55,MATCH(I50,Topraklar!$A$2:$A$55,0)),"⚠ slug bulunamadı")) | K50: =INDEX(Uyum!$B$2:$AY$2,MATCH(MAX(Uyum!$B$51:$AY$51),Uyum!$B$51:$AY$51,0)) | L50: =MIN(1,MAX(Uyum!$B$51:$AY$51)) | M50: =IF(I50<>"",J50,K50) | N50: =IFERROR(TRIM(IF(E50>INDEX(Topraklar!$E$2:$E$55,MATCH(IF(I50<>"",I50,INDEX(Uyum!$B$1:$AY$1,MATCH(MAX(Uyum!$B$51:$AY$51),Uyum!$B$51:$AY$51,0))),Topraklar!$A$2:$A$55,0)),"Perlit karıştırın. ","")&IF(D50<INDEX(Topraklar!$D$2:$D$55,MATCH(IF(I50<>"",I50,INDEX(Uyum!$B$1:$AY$1,MATCH(MAX(Uyum!$B$51:$AY$51),Uyum!$B$51:$AY$51,0))),Topraklar!$A$2:$A$55,0)),"Asidik torf karıştırın. ","")&IF(F50>INDEX(Topraklar!$F$2:$F$55,MATCH(IF(I50<>"",I50,INDEX(Uyum!$B$1:$AY$1,MATCH(MAX(Uyum!$B$51:$AY$51),Uyum!$B$51:$AY$51,0))),Topraklar!$A$2:$A$55,0)),"Vermikülit karıştırın. ","")&IF(G50>INDEX(Topraklar!$G$2:$G$55,MATCH(IF(I50<>"",I50,INDEX(Uyum!$B$1:$AY$1,MATCH(MAX(Uyum!$B$51:$AY$51),Uyum!$B$51:$AY$51,0))),Topraklar!$A$2:$A$55,0)),"Solucan gübresi ekleyin.","")),"")
A51: Petunya | B51: petunia | C51: Çiçek | D51: 2 | E51: 2 | F51: 2 | G51: 3 | H51: Dengeli | J51: =IF(I51="","",IFERROR(INDEX(Topraklar!$B$2:$B$55,MATCH(I51,Topraklar!$A$2:$A$55,0)),"⚠ slug bulunamadı")) | K51: =INDEX(Uyum!$B$2:$AY$2,MATCH(MAX(Uyum!$B$52:$AY$52),Uyum!$B$52:$AY$52,0)) | L51: =MIN(1,MAX(Uyum!$B$52:$AY$52)) | M51: =IF(I51<>"",J51,K51) | N51: =IFERROR(TRIM(IF(E51>INDEX(Topraklar!$E$2:$E$55,MATCH(IF(I51<>"",I51,INDEX(Uyum!$B$1:$AY$1,MATCH(MAX(Uyum!$B$52:$AY$52),Uyum!$B$52:$AY$52,0))),Topraklar!$A$2:$A$55,0)),"Perlit karıştırın. ","")&IF(D51<INDEX(Topraklar!$D$2:$D$55,MATCH(IF(I51<>"",I51,INDEX(Uyum!$B$1:$AY$1,MATCH(MAX(Uyum!$B$52:$AY$52),Uyum!$B$52:$AY$52,0))),Topraklar!$A$2:$A$55,0)),"Asidik torf karıştırın. ","")&IF(F51>INDEX(Topraklar!$F$2:$F$55,MATCH(IF(I51<>"",I51,INDEX(Uyum!$B$1:$AY$1,MATCH(MAX(Uyum!$B$52:$AY$52),Uyum!$B$52:$AY$52,0))),Topraklar!$A$2:$A$55,0)),"Vermikülit karıştırın. ","")&IF(G51>INDEX(Topraklar!$G$2:$G$55,MATCH(IF(I51<>"",I51,INDEX(Uyum!$B$1:$AY$1,MATCH(MAX(Uyum!$B$52:$AY$52),Uyum!$B$52:$AY$52,0))),Topraklar!$A$2:$A$55,0)),"Solucan gübresi ekleyin.","")),"")
A52: Karanfil | B52: dianthus | C52: Çiçek | D52: 3 | E52: 3 | F52: 1 | G52: 2 | H52: Dengeli | J52: =IF(I52="","",IFERROR(INDEX(Topraklar!$B$2:$B$55,MATCH(I52,Topraklar!$A$2:$A$55,0)),"⚠ slug bulunamadı")) | K52: =INDEX(Uyum!$B$2:$AY$2,MATCH(MAX(Uyum!$B$53:$AY$53),Uyum!$B$53:$AY$53,0)) | L52: =MIN(1,MAX(Uyum!$B$53:$AY$53)) | M52: =IF(I52<>"",J52,K52) | N52: =IFERROR(TRIM(IF(E52>INDEX(Topraklar!$E$2:$E$55,MATCH(IF(I52<>"",I52,INDEX(Uyum!$B$1:$AY$1,MATCH(MAX(Uyum!$B$53:$AY$53),Uyum!$B$53:$AY$53,0))),Topraklar!$A$2:$A$55,0)),"Perlit karıştırın. ","")&IF(D52<INDEX(Topraklar!$D$2:$D$55,MATCH(IF(I52<>"",I52,INDEX(Uyum!$B$1:$AY$1,MATCH(MAX(Uyum!$B$53:$AY$53),Uyum!$B$53:$AY$53,0))),Topraklar!$A$2:$A$55,0)),"Asidik torf karıştırın. ","")&IF(F52>INDEX(Topraklar!$F$2:$F$55,MATCH(IF(I52<>"",I52,INDEX(Uyum!$B$1:$AY$1,MATCH(MAX(Uyum!$B$53:$AY$53),Uyum!$B$53:$AY$53,0))),Topraklar!$A$2:$A$55,0)),"Vermikülit karıştırın. ","")&IF(G52>INDEX(Topraklar!$G$2:$G$55,MATCH(IF(I52<>"",I52,INDEX(Uyum!$B$1:$AY$1,MATCH(MAX(Uyum!$B$53:$AY$53),Uyum!$B$53:$AY$53,0))),Topraklar!$A$2:$A$55,0)),"Solucan gübresi ekleyin.","")),"")
A53: Yasemin | B53: jasmine | C53: Çiçek | D53: 2 | E53: 2 | F53: 2 | G53: 2 | H53: Dengeli | J53: =IF(I53="","",IFERROR(INDEX(Topraklar!$B$2:$B$55,MATCH(I53,Topraklar!$A$2:$A$55,0)),"⚠ slug bulunamadı")) | K53: =INDEX(Uyum!$B$2:$AY$2,MATCH(MAX(Uyum!$B$54:$AY$54),Uyum!$B$54:$AY$54,0)) | L53: =MIN(1,MAX(Uyum!$B$54:$AY$54)) | M53: =IF(I53<>"",J53,K53) | N53: =IFERROR(TRIM(IF(E53>INDEX(Topraklar!$E$2:$E$55,MATCH(IF(I53<>"",I53,INDEX(Uyum!$B$1:$AY$1,MATCH(MAX(Uyum!$B$54:$AY$54),Uyum!$B$54:$AY$54,0))),Topraklar!$A$2:$A$55,0)),"Perlit karıştırın. ","")&IF(D53<INDEX(Topraklar!$D$2:$D$55,MATCH(IF(I53<>"",I53,INDEX(Uyum!$B$1:$AY$1,MATCH(MAX(Uyum!$B$54:$AY$54),Uyum!$B$54:$AY$54,0))),Topraklar!$A$2:$A$55,0)),"Asidik torf karıştırın. ","")&IF(F53>INDEX(Topraklar!$F$2:$F$55,MATCH(IF(I53<>"",I53,INDEX(Uyum!$B$1:$AY$1,MATCH(MAX(Uyum!$B$54:$AY$54),Uyum!$B$54:$AY$54,0))),Topraklar!$A$2:$A$55,0)),"Vermikülit karıştırın. ","")&IF(G53>INDEX(Topraklar!$G$2:$G$55,MATCH(IF(I53<>"",I53,INDEX(Uyum!$B$1:$AY$1,MATCH(MAX(Uyum!$B$54:$AY$54),Uyum!$B$54:$AY$54,0))),Topraklar!$A$2:$A$55,0)),"Solucan gübresi ekleyin.","")),"")
A54: Lale | B54: tulip, soğanlı çiçek | C54: Çiçek | D54: 3 | E54: 3 | F54: 1 | G54: 2 | H54: Dengeli | J54: =IF(I54="","",IFERROR(INDEX(Topraklar!$B$2:$B$55,MATCH(I54,Topraklar!$A$2:$A$55,0)),"⚠ slug bulunamadı")) | K54: =INDEX(Uyum!$B$2:$AY$2,MATCH(MAX(Uyum!$B$55:$AY$55),Uyum!$B$55:$AY$55,0)) | L54: =MIN(1,MAX(Uyum!$B$55:$AY$55)) | M54: =IF(I54<>"",J54,K54) | N54: =IFERROR(TRIM(IF(E54>INDEX(Topraklar!$E$2:$E$55,MATCH(IF(I54<>"",I54,INDEX(Uyum!$B$1:$AY$1,MATCH(MAX(Uyum!$B$55:$AY$55),Uyum!$B$55:$AY$55,0))),Topraklar!$A$2:$A$55,0)),"Perlit karıştırın. ","")&IF(D54<INDEX(Topraklar!$D$2:$D$55,MATCH(IF(I54<>"",I54,INDEX(Uyum!$B$1:$AY$1,MATCH(MAX(Uyum!$B$55:$AY$55),Uyum!$B$55:$AY$55,0))),Topraklar!$A$2:$A$55,0)),"Asidik torf karıştırın. ","")&IF(F54>INDEX(Topraklar!$F$2:$F$55,MATCH(IF(I54<>"",I54,INDEX(Uyum!$B$1:$AY$1,MATCH(MAX(Uyum!$B$55:$AY$55),Uyum!$B$55:$AY$55,0))),Topraklar!$A$2:$A$55,0)),"Vermikülit karıştırın. ","")&IF(G54>INDEX(Topraklar!$G$2:$G$55,MATCH(IF(I54<>"",I54,INDEX(Uyum!$B$1:$AY$1,MATCH(MAX(Uyum!$B$55:$AY$55),Uyum!$B$55:$AY$55,0))),Topraklar!$A$2:$A$55,0)),"Solucan gübresi ekleyin.","")),"")
A55: Limon | B55: limon ağacı | C55: Meyve | D55: 2 | E55: 3 | F55: 2 | G55: 3 | H55: Dengeli | I55: limon-agaci-topragi-ozel-organik-karisim | J55: =IF(I55="","",IFERROR(INDEX(Topraklar!$B$2:$B$55,MATCH(I55,Topraklar!$A$2:$A$55,0)),"⚠ slug bulunamadı")) | K55: =INDEX(Uyum!$B$2:$AY$2,MATCH(MAX(Uyum!$B$56:$AY$56),Uyum!$B$56:$AY$56,0)) | L55: =MIN(1,MAX(Uyum!$B$56:$AY$56)) | M55: =IF(I55<>"",J55,K55) | N55: =IFERROR(TRIM(IF(E55>INDEX(Topraklar!$E$2:$E$55,MATCH(IF(I55<>"",I55,INDEX(Uyum!$B$1:$AY$1,MATCH(MAX(Uyum!$B$56:$AY$56),Uyum!$B$56:$AY$56,0))),Topraklar!$A$2:$A$55,0)),"Perlit karıştırın. ","")&IF(D55<INDEX(Topraklar!$D$2:$D$55,MATCH(IF(I55<>"",I55,INDEX(Uyum!$B$1:$AY$1,MATCH(MAX(Uyum!$B$56:$AY$56),Uyum!$B$56:$AY$56,0))),Topraklar!$A$2:$A$55,0)),"Asidik torf karıştırın. ","")&IF(F55>INDEX(Topraklar!$F$2:$F$55,MATCH(IF(I55<>"",I55,INDEX(Uyum!$B$1:$AY$1,MATCH(MAX(Uyum!$B$56:$AY$56),Uyum!$B$56:$AY$56,0))),Topraklar!$A$2:$A$55,0)),"Vermikülit karıştırın. ","")&IF(G55>INDEX(Topraklar!$G$2:$G$55,MATCH(IF(I55<>"",I55,INDEX(Uyum!$B$1:$AY$1,MATCH(MAX(Uyum!$B$56:$AY$56),Uyum!$B$56:$AY$56,0))),Topraklar!$A$2:$A$55,0)),"Solucan gübresi ekleyin.","")),"")
A56: Portakal | B56: mandalina, narenciye, turunç | C56: Meyve | D56: 2 | E56: 3 | F56: 2 | G56: 3 | H56: Dengeli | I56: hg-narenciye-topragi | J56: =IF(I56="","",IFERROR(INDEX(Topraklar!$B$2:$B$55,MATCH(I56,Topraklar!$A$2:$A$55,0)),"⚠ slug bulunamadı")) | K56: =INDEX(Uyum!$B$2:$AY$2,MATCH(MAX(Uyum!$B$57:$AY$57),Uyum!$B$57:$AY$57,0)) | L56: =MIN(1,MAX(Uyum!$B$57:$AY$57)) | M56: =IF(I56<>"",J56,K56) | N56: =IFERROR(TRIM(IF(E56>INDEX(Topraklar!$E$2:$E$55,MATCH(IF(I56<>"",I56,INDEX(Uyum!$B$1:$AY$1,MATCH(MAX(Uyum!$B$57:$AY$57),Uyum!$B$57:$AY$57,0))),Topraklar!$A$2:$A$55,0)),"Perlit karıştırın. ","")&IF(D56<INDEX(Topraklar!$D$2:$D$55,MATCH(IF(I56<>"",I56,INDEX(Uyum!$B$1:$AY$1,MATCH(MAX(Uyum!$B$57:$AY$57),Uyum!$B$57:$AY$57,0))),Topraklar!$A$2:$A$55,0)),"Asidik torf karıştırın. ","")&IF(F56>INDEX(Topraklar!$F$2:$F$55,MATCH(IF(I56<>"",I56,INDEX(Uyum!$B$1:$AY$1,MATCH(MAX(Uyum!$B$57:$AY$57),Uyum!$B$57:$AY$57,0))),Topraklar!$A$2:$A$55,0)),"Vermikülit karıştırın. ","")&IF(G56>INDEX(Topraklar!$G$2:$G$55,MATCH(IF(I56<>"",I56,INDEX(Uyum!$B$1:$AY$1,MATCH(MAX(Uyum!$B$57:$AY$57),Uyum!$B$57:$AY$57,0))),Topraklar!$A$2:$A$55,0)),"Solucan gübresi ekleyin.","")),"")
A57: Kumkuat | B57: kamkat | C57: Meyve | D57: 2 | E57: 3 | F57: 2 | G57: 3 | H57: Dengeli | I57: hg-kumkuat-kamkat-topragi-ozel-karisim | J57: =IF(I57="","",IFERROR(INDEX(Topraklar!$B$2:$B$55,MATCH(I57,Topraklar!$A$2:$A$55,0)),"⚠ slug bulunamadı")) | K57: =INDEX(Uyum!$B$2:$AY$2,MATCH(MAX(Uyum!$B$58:$AY$58),Uyum!$B$58:$AY$58,0)) | L57: =MIN(1,MAX(Uyum!$B$58:$AY$58)) | M57: =IF(I57<>"",J57,K57) | N57: =IFERROR(TRIM(IF(E57>INDEX(Topraklar!$E$2:$E$55,MATCH(IF(I57<>"",I57,INDEX(Uyum!$B$1:$AY$1,MATCH(MAX(Uyum!$B$58:$AY$58),Uyum!$B$58:$AY$58,0))),Topraklar!$A$2:$A$55,0)),"Perlit karıştırın. ","")&IF(D57<INDEX(Topraklar!$D$2:$D$55,MATCH(IF(I57<>"",I57,INDEX(Uyum!$B$1:$AY$1,MATCH(MAX(Uyum!$B$58:$AY$58),Uyum!$B$58:$AY$58,0))),Topraklar!$A$2:$A$55,0)),"Asidik torf karıştırın. ","")&IF(F57>INDEX(Topraklar!$F$2:$F$55,MATCH(IF(I57<>"",I57,INDEX(Uyum!$B$1:$AY$1,MATCH(MAX(Uyum!$B$58:$AY$58),Uyum!$B$58:$AY$58,0))),Topraklar!$A$2:$A$55,0)),"Vermikülit karıştırın. ","")&IF(G57>INDEX(Topraklar!$G$2:$G$55,MATCH(IF(I57<>"",I57,INDEX(Uyum!$B$1:$AY$1,MATCH(MAX(Uyum!$B$58:$AY$58),Uyum!$B$58:$AY$58,0))),Topraklar!$A$2:$A$55,0)),"Solucan gübresi ekleyin.","")),"")
A58: Avokado | C58: Meyve | D58: 2 | E58: 3 | F58: 2 | G58: 2 | H58: Havalı | I58: hg-avokado-topragi-ozel-karisim | J58: =IF(I58="","",IFERROR(INDEX(Topraklar!$B$2:$B$55,MATCH(I58,Topraklar!$A$2:$A$55,0)),"⚠ slug bulunamadı")) | K58: =INDEX(Uyum!$B$2:$AY$2,MATCH(MAX(Uyum!$B$59:$AY$59),Uyum!$B$59:$AY$59,0)) | L58: =MIN(1,MAX(Uyum!$B$59:$AY$59)) | M58: =IF(I58<>"",J58,K58) | N58: =IFERROR(TRIM(IF(E58>INDEX(Topraklar!$E$2:$E$55,MATCH(IF(I58<>"",I58,INDEX(Uyum!$B$1:$AY$1,MATCH(MAX(Uyum!$B$59:$AY$59),Uyum!$B$59:$AY$59,0))),Topraklar!$A$2:$A$55,0)),"Perlit karıştırın. ","")&IF(D58<INDEX(Topraklar!$D$2:$D$55,MATCH(IF(I58<>"",I58,INDEX(Uyum!$B$1:$AY$1,MATCH(MAX(Uyum!$B$59:$AY$59),Uyum!$B$59:$AY$59,0))),Topraklar!$A$2:$A$55,0)),"Asidik torf karıştırın. ","")&IF(F58>INDEX(Topraklar!$F$2:$F$55,MATCH(IF(I58<>"",I58,INDEX(Uyum!$B$1:$AY$1,MATCH(MAX(Uyum!$B$59:$AY$59),Uyum!$B$59:$AY$59,0))),Topraklar!$A$2:$A$55,0)),"Vermikülit karıştırın. ","")&IF(G58>INDEX(Topraklar!$G$2:$G$55,MATCH(IF(I58<>"",I58,INDEX(Uyum!$B$1:$AY$1,MATCH(MAX(Uyum!$B$59:$AY$59),Uyum!$B$59:$AY$59,0))),Topraklar!$A$2:$A$55,0)),"Solucan gübresi ekleyin.","")),"")
A59: Yaban mersini | B59: blueberry | C59: Asit seven | D59: 1 | E59: 2 | F59: 2 | G59: 2 | H59: Dengeli | I59: yaban-mersini-ve-ortanca-topragi | J59: =IF(I59="","",IFERROR(INDEX(Topraklar!$B$2:$B$55,MATCH(I59,Topraklar!$A$2:$A$55,0)),"⚠ slug bulunamadı")) | K59: =INDEX(Uyum!$B$2:$AY$2,MATCH(MAX(Uyum!$B$60:$AY$60),Uyum!$B$60:$AY$60,0)) | L59: =MIN(1,MAX(Uyum!$B$60:$AY$60)) | M59: =IF(I59<>"",J59,K59) | N59: =IFERROR(TRIM(IF(E59>INDEX(Topraklar!$E$2:$E$55,MATCH(IF(I59<>"",I59,INDEX(Uyum!$B$1:$AY$1,MATCH(MAX(Uyum!$B$60:$AY$60),Uyum!$B$60:$AY$60,0))),Topraklar!$A$2:$A$55,0)),"Perlit karıştırın. ","")&IF(D59<INDEX(Topraklar!$D$2:$D$55,MATCH(IF(I59<>"",I59,INDEX(Uyum!$B$1:$AY$1,MATCH(MAX(Uyum!$B$60:$AY$60),Uyum!$B$60:$AY$60,0))),Topraklar!$A$2:$A$55,0)),"Asidik torf karıştırın. ","")&IF(F59>INDEX(Topraklar!$F$2:$F$55,MATCH(IF(I59<>"",I59,INDEX(Uyum!$B$1:$AY$1,MATCH(MAX(Uyum!$B$60:$AY$60),Uyum!$B$60:$AY$60,0))),Topraklar!$A$2:$A$55,0)),"Vermikülit karıştırın. ","")&IF(G59>INDEX(Topraklar!$G$2:$G$55,MATCH(IF(I59<>"",I59,INDEX(Uyum!$B$1:$AY$1,MATCH(MAX(Uyum!$B$60:$AY$60),Uyum!$B$60:$AY$60,0))),Topraklar!$A$2:$A$55,0)),"Solucan gübresi ekleyin.","")),"")
A60: Aronya | C60: Asit seven | D60: 1 | E60: 2 | F60: 2 | G60: 2 | H60: Dengeli | I60: aronya-bitkisi-topragi-ozel-asidik-torf-karisimi | J60: =IF(I60="","",IFERROR(INDEX(Topraklar!$B$2:$B$55,MATCH(I60,Topraklar!$A$2:$A$55,0)),"⚠ slug bulunamadı")) | K60: =INDEX(Uyum!$B$2:$AY$2,MATCH(MAX(Uyum!$B$61:$AY$61),Uyum!$B$61:$AY$61,0)) | L60: =MIN(1,MAX(Uyum!$B$61:$AY$61)) | M60: =IF(I60<>"",J60,K60) | N60: =IFERROR(TRIM(IF(E60>INDEX(Topraklar!$E$2:$E$55,MATCH(IF(I60<>"",I60,INDEX(Uyum!$B$1:$AY$1,MATCH(MAX(Uyum!$B$61:$AY$61),Uyum!$B$61:$AY$61,0))),Topraklar!$A$2:$A$55,0)),"Perlit karıştırın. ","")&IF(D60<INDEX(Topraklar!$D$2:$D$55,MATCH(IF(I60<>"",I60,INDEX(Uyum!$B$1:$AY$1,MATCH(MAX(Uyum!$B$61:$AY$61),Uyum!$B$61:$AY$61,0))),Topraklar!$A$2:$A$55,0)),"Asidik torf karıştırın. ","")&IF(F60>INDEX(Topraklar!$F$2:$F$55,MATCH(IF(I60<>"",I60,INDEX(Uyum!$B$1:$AY$1,MATCH(MAX(Uyum!$B$61:$AY$61),Uyum!$B$61:$AY$61,0))),Topraklar!$A$2:$A$55,0)),"Vermikülit karıştırın. ","")&IF(G60>INDEX(Topraklar!$G$2:$G$55,MATCH(IF(I60<>"",I60,INDEX(Uyum!$B$1:$AY$1,MATCH(MAX(Uyum!$B$61:$AY$61),Uyum!$B$61:$AY$61,0))),Topraklar!$A$2:$A$55,0)),"Solucan gübresi ekleyin.","")),"")
A61: Böğürtlen | C61: Asit seven | D61: 1 | E61: 2 | F61: 2 | G61: 2 | H61: Dengeli | I61: ortanca-bogurtlen-acelya-topragi | J61: =IF(I61="","",IFERROR(INDEX(Topraklar!$B$2:$B$55,MATCH(I61,Topraklar!$A$2:$A$55,0)),"⚠ slug bulunamadı")) | K61: =INDEX(Uyum!$B$2:$AY$2,MATCH(MAX(Uyum!$B$62:$AY$62),Uyum!$B$62:$AY$62,0)) | L61: =MIN(1,MAX(Uyum!$B$62:$AY$62)) | M61: =IF(I61<>"",J61,K61) | N61: =IFERROR(TRIM(IF(E61>INDEX(Topraklar!$E$2:$E$55,MATCH(IF(I61<>"",I61,INDEX(Uyum!$B$1:$AY$1,MATCH(MAX(Uyum!$B$62:$AY$62),Uyum!$B$62:$AY$62,0))),Topraklar!$A$2:$A$55,0)),"Perlit karıştırın. ","")&IF(D61<INDEX(Topraklar!$D$2:$D$55,MATCH(IF(I61<>"",I61,INDEX(Uyum!$B$1:$AY$1,MATCH(MAX(Uyum!$B$62:$AY$62),Uyum!$B$62:$AY$62,0))),Topraklar!$A$2:$A$55,0)),"Asidik torf karıştırın. ","")&IF(F61>INDEX(Topraklar!$F$2:$F$55,MATCH(IF(I61<>"",I61,INDEX(Uyum!$B$1:$AY$1,MATCH(MAX(Uyum!$B$62:$AY$62),Uyum!$B$62:$AY$62,0))),Topraklar!$A$2:$A$55,0)),"Vermikülit karıştırın. ","")&IF(G61>INDEX(Topraklar!$G$2:$G$55,MATCH(IF(I61<>"",I61,INDEX(Uyum!$B$1:$AY$1,MATCH(MAX(Uyum!$B$62:$AY$62),Uyum!$B$62:$AY$62,0))),Topraklar!$A$2:$A$55,0)),"Solucan gübresi ekleyin.","")),"")
A62: Ahududu | B62: frambuaz | C62: Meyve | D62: 2 | E62: 2 | F62: 2 | G62: 3 | H62: Dengeli | J62: =IF(I62="","",IFERROR(INDEX(Topraklar!$B$2:$B$55,MATCH(I62,Topraklar!$A$2:$A$55,0)),"⚠ slug bulunamadı")) | K62: =INDEX(Uyum!$B$2:$AY$2,MATCH(MAX(Uyum!$B$63:$AY$63),Uyum!$B$63:$AY$63,0)) | L62: =MIN(1,MAX(Uyum!$B$63:$AY$63)) | M62: =IF(I62<>"",J62,K62) | N62: =IFERROR(TRIM(IF(E62>INDEX(Topraklar!$E$2:$E$55,MATCH(IF(I62<>"",I62,INDEX(Uyum!$B$1:$AY$1,MATCH(MAX(Uyum!$B$63:$AY$63),Uyum!$B$63:$AY$63,0))),Topraklar!$A$2:$A$55,0)),"Perlit karıştırın. ","")&IF(D62<INDEX(Topraklar!$D$2:$D$55,MATCH(IF(I62<>"",I62,INDEX(Uyum!$B$1:$AY$1,MATCH(MAX(Uyum!$B$63:$AY$63),Uyum!$B$63:$AY$63,0))),Topraklar!$A$2:$A$55,0)),"Asidik torf karıştırın. ","")&IF(F62>INDEX(Topraklar!$F$2:$F$55,MATCH(IF(I62<>"",I62,INDEX(Uyum!$B$1:$AY$1,MATCH(MAX(Uyum!$B$63:$AY$63),Uyum!$B$63:$AY$63,0))),Topraklar!$A$2:$A$55,0)),"Vermikülit karıştırın. ","")&IF(G62>INDEX(Topraklar!$G$2:$G$55,MATCH(IF(I62<>"",I62,INDEX(Uyum!$B$1:$AY$1,MATCH(MAX(Uyum!$B$63:$AY$63),Uyum!$B$63:$AY$63,0))),Topraklar!$A$2:$A$55,0)),"Solucan gübresi ekleyin.","")),"")
A63: Kivi | C63: Meyve | D63: 2 | E63: 2 | F63: 2 | G63: 3 | H63: Dengeli | J63: =IF(I63="","",IFERROR(INDEX(Topraklar!$B$2:$B$55,MATCH(I63,Topraklar!$A$2:$A$55,0)),"⚠ slug bulunamadı")) | K63: =INDEX(Uyum!$B$2:$AY$2,MATCH(MAX(Uyum!$B$64:$AY$64),Uyum!$B$64:$AY$64,0)) | L63: =MIN(1,MAX(Uyum!$B$64:$AY$64)) | M63: =IF(I63<>"",J63,K63) | N63: =IFERROR(TRIM(IF(E63>INDEX(Topraklar!$E$2:$E$55,MATCH(IF(I63<>"",I63,INDEX(Uyum!$B$1:$AY$1,MATCH(MAX(Uyum!$B$64:$AY$64),Uyum!$B$64:$AY$64,0))),Topraklar!$A$2:$A$55,0)),"Perlit karıştırın. ","")&IF(D63<INDEX(Topraklar!$D$2:$D$55,MATCH(IF(I63<>"",I63,INDEX(Uyum!$B$1:$AY$1,MATCH(MAX(Uyum!$B$64:$AY$64),Uyum!$B$64:$AY$64,0))),Topraklar!$A$2:$A$55,0)),"Asidik torf karıştırın. ","")&IF(F63>INDEX(Topraklar!$F$2:$F$55,MATCH(IF(I63<>"",I63,INDEX(Uyum!$B$1:$AY$1,MATCH(MAX(Uyum!$B$64:$AY$64),Uyum!$B$64:$AY$64,0))),Topraklar!$A$2:$A$55,0)),"Vermikülit karıştırın. ","")&IF(G63>INDEX(Topraklar!$G$2:$G$55,MATCH(IF(I63<>"",I63,INDEX(Uyum!$B$1:$AY$1,MATCH(MAX(Uyum!$B$64:$AY$64),Uyum!$B$64:$AY$64,0))),Topraklar!$A$2:$A$55,0)),"Solucan gübresi ekleyin.","")),"")
A64: Trabzon hurması | B64: cennet hurması, hurma | C64: Meyve | D64: 3 | E64: 2 | F64: 2 | G64: 2 | H64: Dengeli | I64: trabzon-hurmasi-cennet-hurmasi-topragi | J64: =IF(I64="","",IFERROR(INDEX(Topraklar!$B$2:$B$55,MATCH(I64,Topraklar!$A$2:$A$55,0)),"⚠ slug bulunamadı")) | K64: =INDEX(Uyum!$B$2:$AY$2,MATCH(MAX(Uyum!$B$65:$AY$65),Uyum!$B$65:$AY$65,0)) | L64: =MIN(1,MAX(Uyum!$B$65:$AY$65)) | M64: =IF(I64<>"",J64,K64) | N64: =IFERROR(TRIM(IF(E64>INDEX(Topraklar!$E$2:$E$55,MATCH(IF(I64<>"",I64,INDEX(Uyum!$B$1:$AY$1,MATCH(MAX(Uyum!$B$65:$AY$65),Uyum!$B$65:$AY$65,0))),Topraklar!$A$2:$A$55,0)),"Perlit karıştırın. ","")&IF(D64<INDEX(Topraklar!$D$2:$D$55,MATCH(IF(I64<>"",I64,INDEX(Uyum!$B$1:$AY$1,MATCH(MAX(Uyum!$B$65:$AY$65),Uyum!$B$65:$AY$65,0))),Topraklar!$A$2:$A$55,0)),"Asidik torf karıştırın. ","")&IF(F64>INDEX(Topraklar!$F$2:$F$55,MATCH(IF(I64<>"",I64,INDEX(Uyum!$B$1:$AY$1,MATCH(MAX(Uyum!$B$65:$AY$65),Uyum!$B$65:$AY$65,0))),Topraklar!$A$2:$A$55,0)),"Vermikülit karıştırın. ","")&IF(G64>INDEX(Topraklar!$G$2:$G$55,MATCH(IF(I64<>"",I64,INDEX(Uyum!$B$1:$AY$1,MATCH(MAX(Uyum!$B$65:$AY$65),Uyum!$B$65:$AY$65,0))),Topraklar!$A$2:$A$55,0)),"Solucan gübresi ekleyin.","")),"")
A65: Çilek | C65: Meyve | D65: 2 | E65: 2 | F65: 2 | G65: 3 | H65: Dengeli | I65: hg-cilek-topragi | J65: =IF(I65="","",IFERROR(INDEX(Topraklar!$B$2:$B$55,MATCH(I65,Topraklar!$A$2:$A$55,0)),"⚠ slug bulunamadı")) | K65: =INDEX(Uyum!$B$2:$AY$2,MATCH(MAX(Uyum!$B$66:$AY$66),Uyum!$B$66:$AY$66,0)) | L65: =MIN(1,MAX(Uyum!$B$66:$AY$66)) | M65: =IF(I65<>"",J65,K65) | N65: =IFERROR(TRIM(IF(E65>INDEX(Topraklar!$E$2:$E$55,MATCH(IF(I65<>"",I65,INDEX(Uyum!$B$1:$AY$1,MATCH(MAX(Uyum!$B$66:$AY$66),Uyum!$B$66:$AY$66,0))),Topraklar!$A$2:$A$55,0)),"Perlit karıştırın. ","")&IF(D65<INDEX(Topraklar!$D$2:$D$55,MATCH(IF(I65<>"",I65,INDEX(Uyum!$B$1:$AY$1,MATCH(MAX(Uyum!$B$66:$AY$66),Uyum!$B$66:$AY$66,0))),Topraklar!$A$2:$A$55,0)),"Asidik torf karıştırın. ","")&IF(F65>INDEX(Topraklar!$F$2:$F$55,MATCH(IF(I65<>"",I65,INDEX(Uyum!$B$1:$AY$1,MATCH(MAX(Uyum!$B$66:$AY$66),Uyum!$B$66:$AY$66,0))),Topraklar!$A$2:$A$55,0)),"Vermikülit karıştırın. ","")&IF(G65>INDEX(Topraklar!$G$2:$G$55,MATCH(IF(I65<>"",I65,INDEX(Uyum!$B$1:$AY$1,MATCH(MAX(Uyum!$B$66:$AY$66),Uyum!$B$66:$AY$66,0))),Topraklar!$A$2:$A$55,0)),"Solucan gübresi ekleyin.","")),"")
A66: İncir | C66: Meyve | D66: 3 | E66: 2 | F66: 2 | G66: 2 | H66: Dengeli | J66: =IF(I66="","",IFERROR(INDEX(Topraklar!$B$2:$B$55,MATCH(I66,Topraklar!$A$2:$A$55,0)),"⚠ slug bulunamadı")) | K66: =INDEX(Uyum!$B$2:$AY$2,MATCH(MAX(Uyum!$B$67:$AY$67),Uyum!$B$67:$AY$67,0)) | L66: =MIN(1,MAX(Uyum!$B$67:$AY$67)) | M66: =IF(I66<>"",J66,K66) | N66: =IFERROR(TRIM(IF(E66>INDEX(Topraklar!$E$2:$E$55,MATCH(IF(I66<>"",I66,INDEX(Uyum!$B$1:$AY$1,MATCH(MAX(Uyum!$B$67:$AY$67),Uyum!$B$67:$AY$67,0))),Topraklar!$A$2:$A$55,0)),"Perlit karıştırın. ","")&IF(D66<INDEX(Topraklar!$D$2:$D$55,MATCH(IF(I66<>"",I66,INDEX(Uyum!$B$1:$AY$1,MATCH(MAX(Uyum!$B$67:$AY$67),Uyum!$B$67:$AY$67,0))),Topraklar!$A$2:$A$55,0)),"Asidik torf karıştırın. ","")&IF(F66>INDEX(Topraklar!$F$2:$F$55,MATCH(IF(I66<>"",I66,INDEX(Uyum!$B$1:$AY$1,MATCH(MAX(Uyum!$B$67:$AY$67),Uyum!$B$67:$AY$67,0))),Topraklar!$A$2:$A$55,0)),"Vermikülit karıştırın. ","")&IF(G66>INDEX(Topraklar!$G$2:$G$55,MATCH(IF(I66<>"",I66,INDEX(Uyum!$B$1:$AY$1,MATCH(MAX(Uyum!$B$67:$AY$67),Uyum!$B$67:$AY$67,0))),Topraklar!$A$2:$A$55,0)),"Solucan gübresi ekleyin.","")),"")
A67: Zeytin | C67: Meyve | D67: 4 | E67: 3 | F67: 1 | G67: 1 | H67: Kumlu | J67: =IF(I67="","",IFERROR(INDEX(Topraklar!$B$2:$B$55,MATCH(I67,Topraklar!$A$2:$A$55,0)),"⚠ slug bulunamadı")) | K67: =INDEX(Uyum!$B$2:$AY$2,MATCH(MAX(Uyum!$B$68:$AY$68),Uyum!$B$68:$AY$68,0)) | L67: =MIN(1,MAX(Uyum!$B$68:$AY$68)) | M67: =IF(I67<>"",J67,K67) | N67: =IFERROR(TRIM(IF(E67>INDEX(Topraklar!$E$2:$E$55,MATCH(IF(I67<>"",I67,INDEX(Uyum!$B$1:$AY$1,MATCH(MAX(Uyum!$B$68:$AY$68),Uyum!$B$68:$AY$68,0))),Topraklar!$A$2:$A$55,0)),"Perlit karıştırın. ","")&IF(D67<INDEX(Topraklar!$D$2:$D$55,MATCH(IF(I67<>"",I67,INDEX(Uyum!$B$1:$AY$1,MATCH(MAX(Uyum!$B$68:$AY$68),Uyum!$B$68:$AY$68,0))),Topraklar!$A$2:$A$55,0)),"Asidik torf karıştırın. ","")&IF(F67>INDEX(Topraklar!$F$2:$F$55,MATCH(IF(I67<>"",I67,INDEX(Uyum!$B$1:$AY$1,MATCH(MAX(Uyum!$B$68:$AY$68),Uyum!$B$68:$AY$68,0))),Topraklar!$A$2:$A$55,0)),"Vermikülit karıştırın. ","")&IF(G67>INDEX(Topraklar!$G$2:$G$55,MATCH(IF(I67<>"",I67,INDEX(Uyum!$B$1:$AY$1,MATCH(MAX(Uyum!$B$68:$AY$68),Uyum!$B$68:$AY$68,0))),Topraklar!$A$2:$A$55,0)),"Solucan gübresi ekleyin.","")),"")
A68: Nar | C68: Meyve | D68: 3 | E68: 2 | F68: 2 | G68: 2 | H68: Dengeli | J68: =IF(I68="","",IFERROR(INDEX(Topraklar!$B$2:$B$55,MATCH(I68,Topraklar!$A$2:$A$55,0)),"⚠ slug bulunamadı")) | K68: =INDEX(Uyum!$B$2:$AY$2,MATCH(MAX(Uyum!$B$69:$AY$69),Uyum!$B$69:$AY$69,0)) | L68: =MIN(1,MAX(Uyum!$B$69:$AY$69)) | M68: =IF(I68<>"",J68,K68) | N68: =IFERROR(TRIM(IF(E68>INDEX(Topraklar!$E$2:$E$55,MATCH(IF(I68<>"",I68,INDEX(Uyum!$B$1:$AY$1,MATCH(MAX(Uyum!$B$69:$AY$69),Uyum!$B$69:$AY$69,0))),Topraklar!$A$2:$A$55,0)),"Perlit karıştırın. ","")&IF(D68<INDEX(Topraklar!$D$2:$D$55,MATCH(IF(I68<>"",I68,INDEX(Uyum!$B$1:$AY$1,MATCH(MAX(Uyum!$B$69:$AY$69),Uyum!$B$69:$AY$69,0))),Topraklar!$A$2:$A$55,0)),"Asidik torf karıştırın. ","")&IF(F68>INDEX(Topraklar!$F$2:$F$55,MATCH(IF(I68<>"",I68,INDEX(Uyum!$B$1:$AY$1,MATCH(MAX(Uyum!$B$69:$AY$69),Uyum!$B$69:$AY$69,0))),Topraklar!$A$2:$A$55,0)),"Vermikülit karıştırın. ","")&IF(G68>INDEX(Topraklar!$G$2:$G$55,MATCH(IF(I68<>"",I68,INDEX(Uyum!$B$1:$AY$1,MATCH(MAX(Uyum!$B$69:$AY$69),Uyum!$B$69:$AY$69,0))),Topraklar!$A$2:$A$55,0)),"Solucan gübresi ekleyin.","")),"")
A69: Muz | C69: Meyve | D69: 2 | E69: 2 | F69: 3 | G69: 3 | H69: Dengeli | J69: =IF(I69="","",IFERROR(INDEX(Topraklar!$B$2:$B$55,MATCH(I69,Topraklar!$A$2:$A$55,0)),"⚠ slug bulunamadı")) | K69: =INDEX(Uyum!$B$2:$AY$2,MATCH(MAX(Uyum!$B$70:$AY$70),Uyum!$B$70:$AY$70,0)) | L69: =MIN(1,MAX(Uyum!$B$70:$AY$70)) | M69: =IF(I69<>"",J69,K69) | N69: =IFERROR(TRIM(IF(E69>INDEX(Topraklar!$E$2:$E$55,MATCH(IF(I69<>"",I69,INDEX(Uyum!$B$1:$AY$1,MATCH(MAX(Uyum!$B$70:$AY$70),Uyum!$B$70:$AY$70,0))),Topraklar!$A$2:$A$55,0)),"Perlit karıştırın. ","")&IF(D69<INDEX(Topraklar!$D$2:$D$55,MATCH(IF(I69<>"",I69,INDEX(Uyum!$B$1:$AY$1,MATCH(MAX(Uyum!$B$70:$AY$70),Uyum!$B$70:$AY$70,0))),Topraklar!$A$2:$A$55,0)),"Asidik torf karıştırın. ","")&IF(F69>INDEX(Topraklar!$F$2:$F$55,MATCH(IF(I69<>"",I69,INDEX(Uyum!$B$1:$AY$1,MATCH(MAX(Uyum!$B$70:$AY$70),Uyum!$B$70:$AY$70,0))),Topraklar!$A$2:$A$55,0)),"Vermikülit karıştırın. ","")&IF(G69>INDEX(Topraklar!$G$2:$G$55,MATCH(IF(I69<>"",I69,INDEX(Uyum!$B$1:$AY$1,MATCH(MAX(Uyum!$B$70:$AY$70),Uyum!$B$70:$AY$70,0))),Topraklar!$A$2:$A$55,0)),"Solucan gübresi ekleyin.","")),"")
A70: Asma | B70: üzüm | C70: Meyve | D70: 3 | E70: 2 | F70: 2 | G70: 2 | H70: Dengeli | J70: =IF(I70="","",IFERROR(INDEX(Topraklar!$B$2:$B$55,MATCH(I70,Topraklar!$A$2:$A$55,0)),"⚠ slug bulunamadı")) | K70: =INDEX(Uyum!$B$2:$AY$2,MATCH(MAX(Uyum!$B$71:$AY$71),Uyum!$B$71:$AY$71,0)) | L70: =MIN(1,MAX(Uyum!$B$71:$AY$71)) | M70: =IF(I70<>"",J70,K70) | N70: =IFERROR(TRIM(IF(E70>INDEX(Topraklar!$E$2:$E$55,MATCH(IF(I70<>"",I70,INDEX(Uyum!$B$1:$AY$1,MATCH(MAX(Uyum!$B$71:$AY$71),Uyum!$B$71:$AY$71,0))),Topraklar!$A$2:$A$55,0)),"Perlit karıştırın. ","")&IF(D70<INDEX(Topraklar!$D$2:$D$55,MATCH(IF(I70<>"",I70,INDEX(Uyum!$B$1:$AY$1,MATCH(MAX(Uyum!$B$71:$AY$71),Uyum!$B$71:$AY$71,0))),Topraklar!$A$2:$A$55,0)),"Asidik torf karıştırın. ","")&IF(F70>INDEX(Topraklar!$F$2:$F$55,MATCH(IF(I70<>"",I70,INDEX(Uyum!$B$1:$AY$1,MATCH(MAX(Uyum!$B$71:$AY$71),Uyum!$B$71:$AY$71,0))),Topraklar!$A$2:$A$55,0)),"Vermikülit karıştırın. ","")&IF(G70>INDEX(Topraklar!$G$2:$G$55,MATCH(IF(I70<>"",I70,INDEX(Uyum!$B$1:$AY$1,MATCH(MAX(Uyum!$B$71:$AY$71),Uyum!$B$71:$AY$71,0))),Topraklar!$A$2:$A$55,0)),"Solucan gübresi ekleyin.","")),"")
A71: Meyve fidanı | B71: elma, armut, kiraz, erik, şeftali | C71: Meyve | D71: 3 | E71: 2 | F71: 2 | G71: 2 | H71: Dengeli | J71: =IF(I71="","",IFERROR(INDEX(Topraklar!$B$2:$B$55,MATCH(I71,Topraklar!$A$2:$A$55,0)),"⚠ slug bulunamadı")) | K71: =INDEX(Uyum!$B$2:$AY$2,MATCH(MAX(Uyum!$B$72:$AY$72),Uyum!$B$72:$AY$72,0)) | L71: =MIN(1,MAX(Uyum!$B$72:$AY$72)) | M71: =IF(I71<>"",J71,K71) | N71: =IFERROR(TRIM(IF(E71>INDEX(Topraklar!$E$2:$E$55,MATCH(IF(I71<>"",I71,INDEX(Uyum!$B$1:$AY$1,MATCH(MAX(Uyum!$B$72:$AY$72),Uyum!$B$72:$AY$72,0))),Topraklar!$A$2:$A$55,0)),"Perlit karıştırın. ","")&IF(D71<INDEX(Topraklar!$D$2:$D$55,MATCH(IF(I71<>"",I71,INDEX(Uyum!$B$1:$AY$1,MATCH(MAX(Uyum!$B$72:$AY$72),Uyum!$B$72:$AY$72,0))),Topraklar!$A$2:$A$55,0)),"Asidik torf karıştırın. ","")&IF(F71>INDEX(Topraklar!$F$2:$F$55,MATCH(IF(I71<>"",I71,INDEX(Uyum!$B$1:$AY$1,MATCH(MAX(Uyum!$B$72:$AY$72),Uyum!$B$72:$AY$72,0))),Topraklar!$A$2:$A$55,0)),"Vermikülit karıştırın. ","")&IF(G71>INDEX(Topraklar!$G$2:$G$55,MATCH(IF(I71<>"",I71,INDEX(Uyum!$B$1:$AY$1,MATCH(MAX(Uyum!$B$72:$AY$72),Uyum!$B$72:$AY$72,0))),Topraklar!$A$2:$A$55,0)),"Solucan gübresi ekleyin.","")),"")
A72: Domates | C72: Sebze | D72: 3 | E72: 2 | F72: 2 | G72: 3 | H72: Dengeli | I72: hg-bol-verimli-sebze-topragi | J72: =IF(I72="","",IFERROR(INDEX(Topraklar!$B$2:$B$55,MATCH(I72,Topraklar!$A$2:$A$55,0)),"⚠ slug bulunamadı")) | K72: =INDEX(Uyum!$B$2:$AY$2,MATCH(MAX(Uyum!$B$73:$AY$73),Uyum!$B$73:$AY$73,0)) | L72: =MIN(1,MAX(Uyum!$B$73:$AY$73)) | M72: =IF(I72<>"",J72,K72) | N72: =IFERROR(TRIM(IF(E72>INDEX(Topraklar!$E$2:$E$55,MATCH(IF(I72<>"",I72,INDEX(Uyum!$B$1:$AY$1,MATCH(MAX(Uyum!$B$73:$AY$73),Uyum!$B$73:$AY$73,0))),Topraklar!$A$2:$A$55,0)),"Perlit karıştırın. ","")&IF(D72<INDEX(Topraklar!$D$2:$D$55,MATCH(IF(I72<>"",I72,INDEX(Uyum!$B$1:$AY$1,MATCH(MAX(Uyum!$B$73:$AY$73),Uyum!$B$73:$AY$73,0))),Topraklar!$A$2:$A$55,0)),"Asidik torf karıştırın. ","")&IF(F72>INDEX(Topraklar!$F$2:$F$55,MATCH(IF(I72<>"",I72,INDEX(Uyum!$B$1:$AY$1,MATCH(MAX(Uyum!$B$73:$AY$73),Uyum!$B$73:$AY$73,0))),Topraklar!$A$2:$A$55,0)),"Vermikülit karıştırın. ","")&IF(G72>INDEX(Topraklar!$G$2:$G$55,MATCH(IF(I72<>"",I72,INDEX(Uyum!$B$1:$AY$1,MATCH(MAX(Uyum!$B$73:$AY$73),Uyum!$B$73:$AY$73,0))),Topraklar!$A$2:$A$55,0)),"Solucan gübresi ekleyin.","")),"")
A73: Biber | C73: Sebze | D73: 3 | E73: 2 | F73: 2 | G73: 3 | H73: Dengeli | I73: hg-bol-verimli-sebze-topragi | J73: =IF(I73="","",IFERROR(INDEX(Topraklar!$B$2:$B$55,MATCH(I73,Topraklar!$A$2:$A$55,0)),"⚠ slug bulunamadı")) | K73: =INDEX(Uyum!$B$2:$AY$2,MATCH(MAX(Uyum!$B$74:$AY$74),Uyum!$B$74:$AY$74,0)) | L73: =MIN(1,MAX(Uyum!$B$74:$AY$74)) | M73: =IF(I73<>"",J73,K73) | N73: =IFERROR(TRIM(IF(E73>INDEX(Topraklar!$E$2:$E$55,MATCH(IF(I73<>"",I73,INDEX(Uyum!$B$1:$AY$1,MATCH(MAX(Uyum!$B$74:$AY$74),Uyum!$B$74:$AY$74,0))),Topraklar!$A$2:$A$55,0)),"Perlit karıştırın. ","")&IF(D73<INDEX(Topraklar!$D$2:$D$55,MATCH(IF(I73<>"",I73,INDEX(Uyum!$B$1:$AY$1,MATCH(MAX(Uyum!$B$74:$AY$74),Uyum!$B$74:$AY$74,0))),Topraklar!$A$2:$A$55,0)),"Asidik torf karıştırın. ","")&IF(F73>INDEX(Topraklar!$F$2:$F$55,MATCH(IF(I73<>"",I73,INDEX(Uyum!$B$1:$AY$1,MATCH(MAX(Uyum!$B$74:$AY$74),Uyum!$B$74:$AY$74,0))),Topraklar!$A$2:$A$55,0)),"Vermikülit karıştırın. ","")&IF(G73>INDEX(Topraklar!$G$2:$G$55,MATCH(IF(I73<>"",I73,INDEX(Uyum!$B$1:$AY$1,MATCH(MAX(Uyum!$B$74:$AY$74),Uyum!$B$74:$AY$74,0))),Topraklar!$A$2:$A$55,0)),"Solucan gübresi ekleyin.","")),"")
A74: Patlıcan | C74: Sebze | D74: 3 | E74: 2 | F74: 2 | G74: 3 | H74: Dengeli | I74: hg-bol-verimli-sebze-topragi | J74: =IF(I74="","",IFERROR(INDEX(Topraklar!$B$2:$B$55,MATCH(I74,Topraklar!$A$2:$A$55,0)),"⚠ slug bulunamadı")) | K74: =INDEX(Uyum!$B$2:$AY$2,MATCH(MAX(Uyum!$B$75:$AY$75),Uyum!$B$75:$AY$75,0)) | L74: =MIN(1,MAX(Uyum!$B$75:$AY$75)) | M74: =IF(I74<>"",J74,K74) | N74: =IFERROR(TRIM(IF(E74>INDEX(Topraklar!$E$2:$E$55,MATCH(IF(I74<>"",I74,INDEX(Uyum!$B$1:$AY$1,MATCH(MAX(Uyum!$B$75:$AY$75),Uyum!$B$75:$AY$75,0))),Topraklar!$A$2:$A$55,0)),"Perlit karıştırın. ","")&IF(D74<INDEX(Topraklar!$D$2:$D$55,MATCH(IF(I74<>"",I74,INDEX(Uyum!$B$1:$AY$1,MATCH(MAX(Uyum!$B$75:$AY$75),Uyum!$B$75:$AY$75,0))),Topraklar!$A$2:$A$55,0)),"Asidik torf karıştırın. ","")&IF(F74>INDEX(Topraklar!$F$2:$F$55,MATCH(IF(I74<>"",I74,INDEX(Uyum!$B$1:$AY$1,MATCH(MAX(Uyum!$B$75:$AY$75),Uyum!$B$75:$AY$75,0))),Topraklar!$A$2:$A$55,0)),"Vermikülit karıştırın. ","")&IF(G74>INDEX(Topraklar!$G$2:$G$55,MATCH(IF(I74<>"",I74,INDEX(Uyum!$B$1:$AY$1,MATCH(MAX(Uyum!$B$75:$AY$75),Uyum!$B$75:$AY$75,0))),Topraklar!$A$2:$A$55,0)),"Solucan gübresi ekleyin.","")),"")
A75: Salatalık | B75: hıyar | C75: Sebze | D75: 3 | E75: 2 | F75: 2 | G75: 3 | H75: Dengeli | I75: hg-bol-verimli-sebze-topragi | J75: =IF(I75="","",IFERROR(INDEX(Topraklar!$B$2:$B$55,MATCH(I75,Topraklar!$A$2:$A$55,0)),"⚠ slug bulunamadı")) | K75: =INDEX(Uyum!$B$2:$AY$2,MATCH(MAX(Uyum!$B$76:$AY$76),Uyum!$B$76:$AY$76,0)) | L75: =MIN(1,MAX(Uyum!$B$76:$AY$76)) | M75: =IF(I75<>"",J75,K75) | N75: =IFERROR(TRIM(IF(E75>INDEX(Topraklar!$E$2:$E$55,MATCH(IF(I75<>"",I75,INDEX(Uyum!$B$1:$AY$1,MATCH(MAX(Uyum!$B$76:$AY$76),Uyum!$B$76:$AY$76,0))),Topraklar!$A$2:$A$55,0)),"Perlit karıştırın. ","")&IF(D75<INDEX(Topraklar!$D$2:$D$55,MATCH(IF(I75<>"",I75,INDEX(Uyum!$B$1:$AY$1,MATCH(MAX(Uyum!$B$76:$AY$76),Uyum!$B$76:$AY$76,0))),Topraklar!$A$2:$A$55,0)),"Asidik torf karıştırın. ","")&IF(F75>INDEX(Topraklar!$F$2:$F$55,MATCH(IF(I75<>"",I75,INDEX(Uyum!$B$1:$AY$1,MATCH(MAX(Uyum!$B$76:$AY$76),Uyum!$B$76:$AY$76,0))),Topraklar!$A$2:$A$55,0)),"Vermikülit karıştırın. ","")&IF(G75>INDEX(Topraklar!$G$2:$G$55,MATCH(IF(I75<>"",I75,INDEX(Uyum!$B$1:$AY$1,MATCH(MAX(Uyum!$B$76:$AY$76),Uyum!$B$76:$AY$76,0))),Topraklar!$A$2:$A$55,0)),"Solucan gübresi ekleyin.","")),"")
A76: Kabak | C76: Sebze | D76: 3 | E76: 2 | F76: 2 | G76: 3 | H76: Dengeli | I76: hg-bol-verimli-sebze-topragi | J76: =IF(I76="","",IFERROR(INDEX(Topraklar!$B$2:$B$55,MATCH(I76,Topraklar!$A$2:$A$55,0)),"⚠ slug bulunamadı")) | K76: =INDEX(Uyum!$B$2:$AY$2,MATCH(MAX(Uyum!$B$77:$AY$77),Uyum!$B$77:$AY$77,0)) | L76: =MIN(1,MAX(Uyum!$B$77:$AY$77)) | M76: =IF(I76<>"",J76,K76) | N76: =IFERROR(TRIM(IF(E76>INDEX(Topraklar!$E$2:$E$55,MATCH(IF(I76<>"",I76,INDEX(Uyum!$B$1:$AY$1,MATCH(MAX(Uyum!$B$77:$AY$77),Uyum!$B$77:$AY$77,0))),Topraklar!$A$2:$A$55,0)),"Perlit karıştırın. ","")&IF(D76<INDEX(Topraklar!$D$2:$D$55,MATCH(IF(I76<>"",I76,INDEX(Uyum!$B$1:$AY$1,MATCH(MAX(Uyum!$B$77:$AY$77),Uyum!$B$77:$AY$77,0))),Topraklar!$A$2:$A$55,0)),"Asidik torf karıştırın. ","")&IF(F76>INDEX(Topraklar!$F$2:$F$55,MATCH(IF(I76<>"",I76,INDEX(Uyum!$B$1:$AY$1,MATCH(MAX(Uyum!$B$77:$AY$77),Uyum!$B$77:$AY$77,0))),Topraklar!$A$2:$A$55,0)),"Vermikülit karıştırın. ","")&IF(G76>INDEX(Topraklar!$G$2:$G$55,MATCH(IF(I76<>"",I76,INDEX(Uyum!$B$1:$AY$1,MATCH(MAX(Uyum!$B$77:$AY$77),Uyum!$B$77:$AY$77,0))),Topraklar!$A$2:$A$55,0)),"Solucan gübresi ekleyin.","")),"")
A77: Marul | B77: yeşillik, roka, ıspanak | C77: Sebze | D77: 3 | E77: 2 | F77: 2 | G77: 2 | H77: Dengeli | I77: solucan-gubreli-sebze-topragi | J77: =IF(I77="","",IFERROR(INDEX(Topraklar!$B$2:$B$55,MATCH(I77,Topraklar!$A$2:$A$55,0)),"⚠ slug bulunamadı")) | K77: =INDEX(Uyum!$B$2:$AY$2,MATCH(MAX(Uyum!$B$78:$AY$78),Uyum!$B$78:$AY$78,0)) | L77: =MIN(1,MAX(Uyum!$B$78:$AY$78)) | M77: =IF(I77<>"",J77,K77) | N77: =IFERROR(TRIM(IF(E77>INDEX(Topraklar!$E$2:$E$55,MATCH(IF(I77<>"",I77,INDEX(Uyum!$B$1:$AY$1,MATCH(MAX(Uyum!$B$78:$AY$78),Uyum!$B$78:$AY$78,0))),Topraklar!$A$2:$A$55,0)),"Perlit karıştırın. ","")&IF(D77<INDEX(Topraklar!$D$2:$D$55,MATCH(IF(I77<>"",I77,INDEX(Uyum!$B$1:$AY$1,MATCH(MAX(Uyum!$B$78:$AY$78),Uyum!$B$78:$AY$78,0))),Topraklar!$A$2:$A$55,0)),"Asidik torf karıştırın. ","")&IF(F77>INDEX(Topraklar!$F$2:$F$55,MATCH(IF(I77<>"",I77,INDEX(Uyum!$B$1:$AY$1,MATCH(MAX(Uyum!$B$78:$AY$78),Uyum!$B$78:$AY$78,0))),Topraklar!$A$2:$A$55,0)),"Vermikülit karıştırın. ","")&IF(G77>INDEX(Topraklar!$G$2:$G$55,MATCH(IF(I77<>"",I77,INDEX(Uyum!$B$1:$AY$1,MATCH(MAX(Uyum!$B$78:$AY$78),Uyum!$B$78:$AY$78,0))),Topraklar!$A$2:$A$55,0)),"Solucan gübresi ekleyin.","")),"")
A78: Maydanoz | B78: dereotu | C78: Sebze | D78: 3 | E78: 2 | F78: 2 | G78: 2 | H78: Dengeli | I78: solucan-gubreli-sebze-topragi | J78: =IF(I78="","",IFERROR(INDEX(Topraklar!$B$2:$B$55,MATCH(I78,Topraklar!$A$2:$A$55,0)),"⚠ slug bulunamadı")) | K78: =INDEX(Uyum!$B$2:$AY$2,MATCH(MAX(Uyum!$B$79:$AY$79),Uyum!$B$79:$AY$79,0)) | L78: =MIN(1,MAX(Uyum!$B$79:$AY$79)) | M78: =IF(I78<>"",J78,K78) | N78: =IFERROR(TRIM(IF(E78>INDEX(Topraklar!$E$2:$E$55,MATCH(IF(I78<>"",I78,INDEX(Uyum!$B$1:$AY$1,MATCH(MAX(Uyum!$B$79:$AY$79),Uyum!$B$79:$AY$79,0))),Topraklar!$A$2:$A$55,0)),"Perlit karıştırın. ","")&IF(D78<INDEX(Topraklar!$D$2:$D$55,MATCH(IF(I78<>"",I78,INDEX(Uyum!$B$1:$AY$1,MATCH(MAX(Uyum!$B$79:$AY$79),Uyum!$B$79:$AY$79,0))),Topraklar!$A$2:$A$55,0)),"Asidik torf karıştırın. ","")&IF(F78>INDEX(Topraklar!$F$2:$F$55,MATCH(IF(I78<>"",I78,INDEX(Uyum!$B$1:$AY$1,MATCH(MAX(Uyum!$B$79:$AY$79),Uyum!$B$79:$AY$79,0))),Topraklar!$A$2:$A$55,0)),"Vermikülit karıştırın. ","")&IF(G78>INDEX(Topraklar!$G$2:$G$55,MATCH(IF(I78<>"",I78,INDEX(Uyum!$B$1:$AY$1,MATCH(MAX(Uyum!$B$79:$AY$79),Uyum!$B$79:$AY$79,0))),Topraklar!$A$2:$A$55,0)),"Solucan gübresi ekleyin.","")),"")
A79: Fasulye | B79: bezelye | C79: Sebze | D79: 3 | E79: 2 | F79: 2 | G79: 2 | H79: Dengeli | I79: solucan-gubreli-sebze-topragi | J79: =IF(I79="","",IFERROR(INDEX(Topraklar!$B$2:$B$55,MATCH(I79,Topraklar!$A$2:$A$55,0)),"⚠ slug bulunamadı")) | K79: =INDEX(Uyum!$B$2:$AY$2,MATCH(MAX(Uyum!$B$80:$AY$80),Uyum!$B$80:$AY$80,0)) | L79: =MIN(1,MAX(Uyum!$B$80:$AY$80)) | M79: =IF(I79<>"",J79,K79) | N79: =IFERROR(TRIM(IF(E79>INDEX(Topraklar!$E$2:$E$55,MATCH(IF(I79<>"",I79,INDEX(Uyum!$B$1:$AY$1,MATCH(MAX(Uyum!$B$80:$AY$80),Uyum!$B$80:$AY$80,0))),Topraklar!$A$2:$A$55,0)),"Perlit karıştırın. ","")&IF(D79<INDEX(Topraklar!$D$2:$D$55,MATCH(IF(I79<>"",I79,INDEX(Uyum!$B$1:$AY$1,MATCH(MAX(Uyum!$B$80:$AY$80),Uyum!$B$80:$AY$80,0))),Topraklar!$A$2:$A$55,0)),"Asidik torf karıştırın. ","")&IF(F79>INDEX(Topraklar!$F$2:$F$55,MATCH(IF(I79<>"",I79,INDEX(Uyum!$B$1:$AY$1,MATCH(MAX(Uyum!$B$80:$AY$80),Uyum!$B$80:$AY$80,0))),Topraklar!$A$2:$A$55,0)),"Vermikülit karıştırın. ","")&IF(G79>INDEX(Topraklar!$G$2:$G$55,MATCH(IF(I79<>"",I79,INDEX(Uyum!$B$1:$AY$1,MATCH(MAX(Uyum!$B$80:$AY$80),Uyum!$B$80:$AY$80,0))),Topraklar!$A$2:$A$55,0)),"Solucan gübresi ekleyin.","")),"")
A80: Soğan | B80: sarımsak, pırasa | C80: Sebze | D80: 3 | E80: 2 | F80: 2 | G80: 2 | H80: Dengeli | I80: solucan-gubreli-sebze-topragi | J80: =IF(I80="","",IFERROR(INDEX(Topraklar!$B$2:$B$55,MATCH(I80,Topraklar!$A$2:$A$55,0)),"⚠ slug bulunamadı")) | K80: =INDEX(Uyum!$B$2:$AY$2,MATCH(MAX(Uyum!$B$81:$AY$81),Uyum!$B$81:$AY$81,0)) | L80: =MIN(1,MAX(Uyum!$B$81:$AY$81)) | M80: =IF(I80<>"",J80,K80) | N80: =IFERROR(TRIM(IF(E80>INDEX(Topraklar!$E$2:$E$55,MATCH(IF(I80<>"",I80,INDEX(Uyum!$B$1:$AY$1,MATCH(MAX(Uyum!$B$81:$AY$81),Uyum!$B$81:$AY$81,0))),Topraklar!$A$2:$A$55,0)),"Perlit karıştırın. ","")&IF(D80<INDEX(Topraklar!$D$2:$D$55,MATCH(IF(I80<>"",I80,INDEX(Uyum!$B$1:$AY$1,MATCH(MAX(Uyum!$B$81:$AY$81),Uyum!$B$81:$AY$81,0))),Topraklar!$A$2:$A$55,0)),"Asidik torf karıştırın. ","")&IF(F80>INDEX(Topraklar!$F$2:$F$55,MATCH(IF(I80<>"",I80,INDEX(Uyum!$B$1:$AY$1,MATCH(MAX(Uyum!$B$81:$AY$81),Uyum!$B$81:$AY$81,0))),Topraklar!$A$2:$A$55,0)),"Vermikülit karıştırın. ","")&IF(G80>INDEX(Topraklar!$G$2:$G$55,MATCH(IF(I80<>"",I80,INDEX(Uyum!$B$1:$AY$1,MATCH(MAX(Uyum!$B$81:$AY$81),Uyum!$B$81:$AY$81,0))),Topraklar!$A$2:$A$55,0)),"Solucan gübresi ekleyin.","")),"")
A81: Havuç | B81: turp, pancar | C81: Sebze | D81: 3 | E81: 3 | F81: 2 | G81: 2 | H81: Kumlu | I81: solucan-gubreli-sebze-topragi | J81: =IF(I81="","",IFERROR(INDEX(Topraklar!$B$2:$B$55,MATCH(I81,Topraklar!$A$2:$A$55,0)),"⚠ slug bulunamadı")) | K81: =INDEX(Uyum!$B$2:$AY$2,MATCH(MAX(Uyum!$B$82:$AY$82),Uyum!$B$82:$AY$82,0)) | L81: =MIN(1,MAX(Uyum!$B$82:$AY$82)) | M81: =IF(I81<>"",J81,K81) | N81: =IFERROR(TRIM(IF(E81>INDEX(Topraklar!$E$2:$E$55,MATCH(IF(I81<>"",I81,INDEX(Uyum!$B$1:$AY$1,MATCH(MAX(Uyum!$B$82:$AY$82),Uyum!$B$82:$AY$82,0))),Topraklar!$A$2:$A$55,0)),"Perlit karıştırın. ","")&IF(D81<INDEX(Topraklar!$D$2:$D$55,MATCH(IF(I81<>"",I81,INDEX(Uyum!$B$1:$AY$1,MATCH(MAX(Uyum!$B$82:$AY$82),Uyum!$B$82:$AY$82,0))),Topraklar!$A$2:$A$55,0)),"Asidik torf karıştırın. ","")&IF(F81>INDEX(Topraklar!$F$2:$F$55,MATCH(IF(I81<>"",I81,INDEX(Uyum!$B$1:$AY$1,MATCH(MAX(Uyum!$B$82:$AY$82),Uyum!$B$82:$AY$82,0))),Topraklar!$A$2:$A$55,0)),"Vermikülit karıştırın. ","")&IF(G81>INDEX(Topraklar!$G$2:$G$55,MATCH(IF(I81<>"",I81,INDEX(Uyum!$B$1:$AY$1,MATCH(MAX(Uyum!$B$82:$AY$82),Uyum!$B$82:$AY$82,0))),Topraklar!$A$2:$A$55,0)),"Solucan gübresi ekleyin.","")),"")
A82: Lahana | B82: brokoli, karnabahar | C82: Sebze | D82: 3 | E82: 2 | F82: 2 | G82: 3 | H82: Dengeli | I82: solucan-gubreli-sebze-topragi | J82: =IF(I82="","",IFERROR(INDEX(Topraklar!$B$2:$B$55,MATCH(I82,Topraklar!$A$2:$A$55,0)),"⚠ slug bulunamadı")) | K82: =INDEX(Uyum!$B$2:$AY$2,MATCH(MAX(Uyum!$B$83:$AY$83),Uyum!$B$83:$AY$83,0)) | L82: =MIN(1,MAX(Uyum!$B$83:$AY$83)) | M82: =IF(I82<>"",J82,K82) | N82: =IFERROR(TRIM(IF(E82>INDEX(Topraklar!$E$2:$E$55,MATCH(IF(I82<>"",I82,INDEX(Uyum!$B$1:$AY$1,MATCH(MAX(Uyum!$B$83:$AY$83),Uyum!$B$83:$AY$83,0))),Topraklar!$A$2:$A$55,0)),"Perlit karıştırın. ","")&IF(D82<INDEX(Topraklar!$D$2:$D$55,MATCH(IF(I82<>"",I82,INDEX(Uyum!$B$1:$AY$1,MATCH(MAX(Uyum!$B$83:$AY$83),Uyum!$B$83:$AY$83,0))),Topraklar!$A$2:$A$55,0)),"Asidik torf karıştırın. ","")&IF(F82>INDEX(Topraklar!$F$2:$F$55,MATCH(IF(I82<>"",I82,INDEX(Uyum!$B$1:$AY$1,MATCH(MAX(Uyum!$B$83:$AY$83),Uyum!$B$83:$AY$83,0))),Topraklar!$A$2:$A$55,0)),"Vermikülit karıştırın. ","")&IF(G82>INDEX(Topraklar!$G$2:$G$55,MATCH(IF(I82<>"",I82,INDEX(Uyum!$B$1:$AY$1,MATCH(MAX(Uyum!$B$83:$AY$83),Uyum!$B$83:$AY$83,0))),Topraklar!$A$2:$A$55,0)),"Solucan gübresi ekleyin.","")),"")
A83: Fide | B83: tohum çimlendirme, fide yetiştirme | C83: Sebze | D83: 2 | E83: 2 | F83: 2 | G83: 1 | H83: Dengeli | I83: hg-fide-topragi | J83: =IF(I83="","",IFERROR(INDEX(Topraklar!$B$2:$B$55,MATCH(I83,Topraklar!$A$2:$A$55,0)),"⚠ slug bulunamadı")) | K83: =INDEX(Uyum!$B$2:$AY$2,MATCH(MAX(Uyum!$B$84:$AY$84),Uyum!$B$84:$AY$84,0)) | L83: =MIN(1,MAX(Uyum!$B$84:$AY$84)) | M83: =IF(I83<>"",J83,K83) | N83: =IFERROR(TRIM(IF(E83>INDEX(Topraklar!$E$2:$E$55,MATCH(IF(I83<>"",I83,INDEX(Uyum!$B$1:$AY$1,MATCH(MAX(Uyum!$B$84:$AY$84),Uyum!$B$84:$AY$84,0))),Topraklar!$A$2:$A$55,0)),"Perlit karıştırın. ","")&IF(D83<INDEX(Topraklar!$D$2:$D$55,MATCH(IF(I83<>"",I83,INDEX(Uyum!$B$1:$AY$1,MATCH(MAX(Uyum!$B$84:$AY$84),Uyum!$B$84:$AY$84,0))),Topraklar!$A$2:$A$55,0)),"Asidik torf karıştırın. ","")&IF(F83>INDEX(Topraklar!$F$2:$F$55,MATCH(IF(I83<>"",I83,INDEX(Uyum!$B$1:$AY$1,MATCH(MAX(Uyum!$B$84:$AY$84),Uyum!$B$84:$AY$84,0))),Topraklar!$A$2:$A$55,0)),"Vermikülit karıştırın. ","")&IF(G83>INDEX(Topraklar!$G$2:$G$55,MATCH(IF(I83<>"",I83,INDEX(Uyum!$B$1:$AY$1,MATCH(MAX(Uyum!$B$84:$AY$84),Uyum!$B$84:$AY$84,0))),Topraklar!$A$2:$A$55,0)),"Solucan gübresi ekleyin.","")),"")
A84: Çim | B84: çim tohumu | C84: Bahçe | D84: 3 | E84: 2 | F84: 2 | G84: 2 | H84: Dengeli | I84: cim-kapama-topragi-leonarditli-formul | J84: =IF(I84="","",IFERROR(INDEX(Topraklar!$B$2:$B$55,MATCH(I84,Topraklar!$A$2:$A$55,0)),"⚠ slug bulunamadı")) | K84: =INDEX(Uyum!$B$2:$AY$2,MATCH(MAX(Uyum!$B$85:$AY$85),Uyum!$B$85:$AY$85,0)) | L84: =MIN(1,MAX(Uyum!$B$85:$AY$85)) | M84: =IF(I84<>"",J84,K84) | N84: =IFERROR(TRIM(IF(E84>INDEX(Topraklar!$E$2:$E$55,MATCH(IF(I84<>"",I84,INDEX(Uyum!$B$1:$AY$1,MATCH(MAX(Uyum!$B$85:$AY$85),Uyum!$B$85:$AY$85,0))),Topraklar!$A$2:$A$55,0)),"Perlit karıştırın. ","")&IF(D84<INDEX(Topraklar!$D$2:$D$55,MATCH(IF(I84<>"",I84,INDEX(Uyum!$B$1:$AY$1,MATCH(MAX(Uyum!$B$85:$AY$85),Uyum!$B$85:$AY$85,0))),Topraklar!$A$2:$A$55,0)),"Asidik torf karıştırın. ","")&IF(F84>INDEX(Topraklar!$F$2:$F$55,MATCH(IF(I84<>"",I84,INDEX(Uyum!$B$1:$AY$1,MATCH(MAX(Uyum!$B$85:$AY$85),Uyum!$B$85:$AY$85,0))),Topraklar!$A$2:$A$55,0)),"Vermikülit karıştırın. ","")&IF(G84>INDEX(Topraklar!$G$2:$G$55,MATCH(IF(I84<>"",I84,INDEX(Uyum!$B$1:$AY$1,MATCH(MAX(Uyum!$B$85:$AY$85),Uyum!$B$85:$AY$85,0))),Topraklar!$A$2:$A$55,0)),"Solucan gübresi ekleyin.","")),"")
A85: Nilüfer | B85: lotus, su bitkisi | C85: Su bitkisi | D85: 3 | E85: 1 | F85: 3 | G85: 3 | H85: Dengeli | I85: lotus-nilufer-cicegi-topragi | J85: =IF(I85="","",IFERROR(INDEX(Topraklar!$B$2:$B$55,MATCH(I85,Topraklar!$A$2:$A$55,0)),"⚠ slug bulunamadı")) | K85: =INDEX(Uyum!$B$2:$AY$2,MATCH(MAX(Uyum!$B$86:$AY$86),Uyum!$B$86:$AY$86,0)) | L85: =MIN(1,MAX(Uyum!$B$86:$AY$86)) | M85: =IF(I85<>"",J85,K85) | N85: =IFERROR(TRIM(IF(E85>INDEX(Topraklar!$E$2:$E$55,MATCH(IF(I85<>"",I85,INDEX(Uyum!$B$1:$AY$1,MATCH(MAX(Uyum!$B$86:$AY$86),Uyum!$B$86:$AY$86,0))),Topraklar!$A$2:$A$55,0)),"Perlit karıştırın. ","")&IF(D85<INDEX(Topraklar!$D$2:$D$55,MATCH(IF(I85<>"",I85,INDEX(Uyum!$B$1:$AY$1,MATCH(MAX(Uyum!$B$86:$AY$86),Uyum!$B$86:$AY$86,0))),Topraklar!$A$2:$A$55,0)),"Asidik torf karıştırın. ","")&IF(F85>INDEX(Topraklar!$F$2:$F$55,MATCH(IF(I85<>"",I85,INDEX(Uyum!$B$1:$AY$1,MATCH(MAX(Uyum!$B$86:$AY$86),Uyum!$B$86:$AY$86,0))),Topraklar!$A$2:$A$55,0)),"Vermikülit karıştırın. ","")&IF(G85>INDEX(Topraklar!$G$2:$G$55,MATCH(IF(I85<>"",I85,INDEX(Uyum!$B$1:$AY$1,MATCH(MAX(Uyum!$B$86:$AY$86),Uyum!$B$86:$AY$86,0))),Topraklar!$A$2:$A$55,0)),"Solucan gübresi ekleyin.","")),"")

Sheet Uyum
A1: slug → | B1: =Topraklar!A2 | C1: =Topraklar!A3 | D1: =Topraklar!A4 | E1: =Topraklar!A5 | F1: =Topraklar!A6 | G1: =Topraklar!A7 | H1: =Topraklar!A8 | I1: =Topraklar!A9 | J1: =Topraklar!A10 | K1: =Topraklar!A11 | L1: =Topraklar!A12 | M1: =Topraklar!A13 | N1: =Topraklar!A14 | O1: =Topraklar!A15 | P1: =Topraklar!A16 | Q1: =Topraklar!A17 | R1: =Topraklar!A18 | S1: =Topraklar!A19 | T1: =Topraklar!A20 | U1: =Topraklar!A21 | V1: =Topraklar!A22 | W1: =Topraklar!A23 | X1: =Topraklar!A24 | Y1: =Topraklar!A25 | Z1: =Topraklar!A26 | AA1: =Topraklar!A27 | AB1: =Topraklar!A28 | AC1: =Topraklar!A29 | AD1: =Topraklar!A30 | AE1: =Topraklar!A31 | AF1: =Topraklar!A32 | AG1: =Topraklar!A33 | AH1: =Topraklar!A34 | AI1: =Topraklar!A35 | AJ1: =Topraklar!A36 | AK1: =Topraklar!A37 | AL1: =Topraklar!A38 | AM1: =Topraklar!A39 | AN1: =Topraklar!A40 | AO1: =Topraklar!A41 | AP1: =Topraklar!A42 | AQ1: =Topraklar!A43 | AR1: =Topraklar!A44 | AS1: =Topraklar!A45 | AT1: =Topraklar!A46 | AU1: =Topraklar!A47 | AV1: =Topraklar!A48 | AW1: =Topraklar!A49 | AX1: =Topraklar!A50 | AY1: =Topraklar!A51
A2: Bitki ↓ / Toprak → | B2: =Topraklar!B2 | C2: =Topraklar!B3 | D2: =Topraklar!B4 | E2: =Topraklar!B5 | F2: =Topraklar!B6 | G2: =Topraklar!B7 | H2: =Topraklar!B8 | I2: =Topraklar!B9 | J2: =Topraklar!B10 | K2: =Topraklar!B11 | L2: =Topraklar!B12 | M2: =Topraklar!B13 | N2: =Topraklar!B14 | O2: =Topraklar!B15 | P2: =Topraklar!B16 | Q2: =Topraklar!B17 | R2: =Topraklar!B18 | S2: =Topraklar!B19 | T2: =Topraklar!B20 | U2: =Topraklar!B21 | V2: =Topraklar!B22 | W2: =Topraklar!B23 | X2: =Topraklar!B24 | Y2: =Topraklar!B25 | Z2: =Topraklar!B26 | AA2: =Topraklar!B27 | AB2: =Topraklar!B28 | AC2: =Topraklar!B29 | AD2: =Topraklar!B30 | AE2: =Topraklar!B31 | AF2: =Topraklar!B32 | AG2: =Topraklar!B33 | AH2: =Topraklar!B34 | AI2: =Topraklar!B35 | AJ2: =Topraklar!B36 | AK2: =Topraklar!B37 | AL2: =Topraklar!B38 | AM2: =Topraklar!B39 | AN2: =Topraklar!B40 | AO2: =Topraklar!B41 | AP2: =Topraklar!B42 | AQ2: =Topraklar!B43 | AR2: =Topraklar!B44 | AS2: =Topraklar!B45 | AT2: =Topraklar!B46 | AU2: =Topraklar!B47 | AV2: =Topraklar!B48 | AW2: =Topraklar!B49 | AX2: =Topraklar!B50 | AY2: =Topraklar!B51
A3: =Bitkiler!A2 | B3: =IF(OR(Topraklar!$J$2="Evet",AND(Topraklar!$L$2<>"Evet",Topraklar!$K$2<>Bitkiler!$C$2)),0,MAX(0,1-(Ayarlar!$B$2*ABS(Bitkiler!$D$2-Topraklar!$D$2)+Ayarlar!$B$3*ABS(Bitkiler!$E$2-Topraklar!$E$2)+Ayarlar!$B$4*ABS(Bitkiler!$F$2-Topraklar!$F$2)+Ayarlar!$B$5*ABS(Bitkiler!$G$2-Topraklar!$G$2)+Ayarlar!$B$6*IF(Bitkiler!$H$2=Topraklar!$H$2,0,1))/Ayarlar!$B$7)+IF(Topraklar!$K$2=Bitkiler!$C$2,0.002,IF(Topraklar!$L$2="Evet",0.001,0))) | C3: =IF(OR(Topraklar!$J$3="Evet",AND(Topraklar!$L$3<>"Evet",Topraklar!$K$3<>Bitkiler!$C$2)),0,MAX(0,1-(Ayarlar!$B$2*ABS(Bitkiler!$D$2-Topraklar!$D$3)+Ayarlar!$B$3*ABS(Bitkiler!$E$2-Topraklar!$E$3)+Ayarlar!$B$4*ABS(Bitkiler!$F$2-Topraklar!$F$3)+Ayarlar!$B$5*ABS(Bitkiler!$G$2-Topraklar!$G$3)+Ayarlar!$B$6*IF(Bitkiler!$H$2=Topraklar!$H$3,0,1))/Ayarlar!$B$7)+IF(Topraklar!$K$3=Bitkiler!$C$2,0.002,IF(Topraklar!$L$3="Evet",0.001,0))) | D3: =IF(OR(Topraklar!$J$4="Evet",AND(Topraklar!$L$4<>"Evet",Topraklar!$K$4<>Bitkiler!$C$2)),0,MAX(0,1-(Ayarlar!$B$2*ABS(Bitkiler!$D$2-Topraklar!$D$4)+Ayarlar!$B$3*ABS(Bitkiler!$E$2-Topraklar!$E$4)+Ayarlar!$B$4*ABS(Bitkiler!$F$2-Topraklar!$F$4)+Ayarlar!$B$5*ABS(Bitkiler!$G$2-Topraklar!$G$4)+Ayarlar!$B$6*IF(Bitkiler!$H$2=Topraklar!$H$4,0,1))/Ayarlar!$B$7)+IF(Topraklar!$K$4=Bitkiler!$C$2,0.002,IF(Topraklar!$L$4="Evet",0.001,0))) | E3: =IF(OR(Topraklar!$J$5="Evet",AND(Topraklar!$L$5<>"Evet",Topraklar!$K$5<>Bitkiler!$C$2)),0,MAX(0,1-(Ayarlar!$B$2*ABS(Bitkiler!$D$2-Topraklar!$D$5)+Ayarlar!$B$3*ABS(Bitkiler!$E$2-Topraklar!$E$5)+Ayarlar!$B$4*ABS(Bitkiler!$F$2-Topraklar!$F$5)+Ayarlar!$B$5*ABS(Bitkiler!$G$2-Topraklar!$G$5)+Ayarlar!$B$6*IF(Bitkiler!$H$2=Topraklar!$H$5,0,1))/Ayarlar!$B$7)+IF(Topraklar!$K$5=Bitkiler!$C$2,0.002,IF(Topraklar!$L$5="Evet",0.001,0))) | F3: =IF(OR(Topraklar!$J$6="Evet",AND(Topraklar!$L$6<>"Evet",Topraklar!$K$6<>Bitkiler!$C$2)),0,MAX(0,1-(Ayarlar!$B$2*ABS(Bitkiler!$D$2-Topraklar!$D$6)+Ayarlar!$B$3*ABS(Bitkiler!$E$2-Topraklar!$E$6)+Ayarlar!$B$4*ABS(Bitkiler!$F$2-Topraklar!$F$6)+Ayarlar!$B$5*ABS(Bitkiler!$G$2-Topraklar!$G$6)+Ayarlar!$B$6*IF(Bitkiler!$H$2=Topraklar!$H$6,0,1))/Ayarlar!$B$7)+IF(Topraklar!$K$6=Bitkiler!$C$2,0.002,IF(Topraklar!$L$6="Evet",0.001,0))) | G3: =IF(OR(Topraklar!$J$7="Evet",AND(Topraklar!$L$7<>"Evet",Topraklar!$K$7<>Bitkiler!$C$2)),0,MAX(0,1-(Ayarlar!$B$2*ABS(Bitkiler!$D$2-Topraklar!$D$7)+Ayarlar!$B$3*ABS(Bitkiler!$E$2-Topraklar!$E$7)+Ayarlar!$B$4*ABS(Bitkiler!$F$2-Topraklar!$F$7)+Ayarlar!$B$5*ABS(Bitkiler!$G$2-Topraklar!$G$7)+Ayarlar!$B$6*IF(Bitkiler!$H$2=Topraklar!$H$7,0,1))/Ayarlar!$B$7)+IF(Topraklar!$K$7=Bitkiler!$C$2,0.002,IF(Topraklar!$L$7="Evet",0.001,0))) | H3: =IF(OR(Topraklar!$J$8="Evet",AND(Topraklar!$L$8<>"Evet",Topraklar!$K$8<>Bitkiler!$C$2)),0,MAX(0,1-(Ayarlar!$B$2*ABS(Bitkiler!$D$2-Topraklar!$D$8)+Ayarlar!$B$3*ABS(Bitkiler!$E$2-Topraklar!$E$8)+Ayarlar!$B$4*ABS(Bitkiler!$F$2-Topraklar!$F$8)+Ayarlar!$B$5*ABS(Bitkiler!$G$2-Topraklar!$G$8)+Ayarlar!$B$6*IF(Bitkiler!$H$2=Topraklar!$H$8,0,1))/Ayarlar!$B$7)+IF(Topraklar!$K$8=Bitkiler!$C$2,0.002,IF(Topraklar!$L$8="Evet",0.001,0))) | I3: =IF(OR(Topraklar!$J$9="Evet",AND(Topraklar!$L$9<>"Evet",Topraklar!$K$9<>Bitkiler!$C$2)),0,MAX(0,1-(Ayarlar!$B$2*ABS(Bitkiler!$D$2-Topraklar!$D$9)+Ayarlar!$B$3*ABS(Bitkiler!$E$2-Topraklar!$E$9)+Ayarlar!$B$4*ABS(Bitkiler!$F$2-Topraklar!$F$9)+Ayarlar!$B$5*ABS(Bitkiler!$G$2-Topraklar!$G$9)+Ayarlar!$B$6*IF(Bitkiler!$H$2=Topraklar!$H$9,0,1))/Ayarlar!$B$7)+IF(Topraklar!$K$9=Bitkiler!$C$2,0.002,IF(Topraklar!$L$9="Evet",0.001,0))) | J3: =IF(OR(Topraklar!$J$10="Evet",AND(Topraklar!$L$10<>"Evet",Topraklar!$K$10<>Bitkiler!$C$2)),0,MAX(0,1-(Ayarlar!$B$2*ABS(Bitkiler!$D$2-Topraklar!$D$10)+Ayarlar!$B$3*ABS(Bitkiler!$E$2-Topraklar!$E$10)+Ayarlar!$B$4*ABS(Bitkiler!$F$2-Topraklar!$F$10)+Ayarlar!$B$5*ABS(Bitkiler!$G$2-Topraklar!$G$10)+Ayarlar!$B$6*IF(Bitkiler!$H$2=Topraklar!$H$10,0,1))/Ayarlar!$B$7)+IF(Topraklar!$K$10=Bitkiler!$C$2,0.002,IF(Topraklar!$L$10="Evet",0.001,0))) | K3: =IF(OR(Topraklar!$J$11="Evet",AND(Topraklar!$L$11<>"Evet",Topraklar!$K$11<>Bitkiler!$C$2)),0,MAX(0,1-(Ayarlar!$B$2*ABS(Bitkiler!$D$2-Topraklar!$D$11)+Ayarlar!$B$3*ABS(Bitkiler!$E$2-Topraklar!$E$11)+Ayarlar!$B$4*ABS(Bitkiler!$F$2-Topraklar!$F$11)+Ayarlar!$B$5*ABS(Bitkiler!$G$2-Topraklar!$G$11)+Ayarlar!$B$6*IF(Bitkiler!$H$2=Topraklar!$H$11,0,1))/Ayarlar!$B$7)+IF(Topraklar!$K$11=Bitkiler!$C$2,0.002,IF(Topraklar!$L$11="Evet",0.001,0))) | L3: =IF(OR(Topraklar!$J$12="Evet",AND(Topraklar!$L$12<>"Evet",Topraklar!$K$12<>Bitkiler!$C$2)),0,MAX(0,1-(Ayarlar!$B$2*ABS(Bitkiler!$D$2-Topraklar!$D$12)+Ayarlar!$B$3*ABS(Bitkiler!$E$2-Topraklar!$E$12)+Ayarlar!$B$4*ABS(Bitkiler!$F$2-Topraklar!$F$12)+Ayarlar!$B$5*ABS(Bitkiler!$G$2-Topraklar!$G$12)+Ayarlar!$B$6*IF(Bitkiler!$H$2=Topraklar!$H$12,0,1))/Ayarlar!$B$7)+IF(Topraklar!$K$12=Bitkiler!$C$2,0.002,IF(Topraklar!$L$12="Evet",0.001,0))) | M3: =IF(OR(Topraklar!$J$13="Evet",AND(Topraklar!$L$13<>"Evet",Topraklar!$K$13<>Bitkiler!$C$2)),0,MAX(0,1-(Ayarlar!$B$2*ABS(Bitkiler!$D$2-Topraklar!$D$13)+Ayarlar!$B$3*ABS(Bitkiler!$E$2-Topraklar!$E$13)+Ayarlar!$B$4*ABS(Bitkiler!$F$2-Topraklar!$F$13)+Ayarlar!$B$5*ABS(Bitkiler!$G$2-Topraklar!$G$13)+Ayarlar!$B$6*IF(Bitkiler!$H$2=Topraklar!$H$13,0,1))/Ayarlar!$B$7)+IF(Topraklar!$K$13=Bitkiler!$C$2,0.002,IF(Topraklar!$L$13="Evet",0.001,0))) | N3: =IF(OR(Topraklar!$J$14="Evet",AND(Topraklar!$L$14<>"Evet",Topraklar!$K$14<>Bitkiler!$C$2)),0,MAX(0,1-(Ayarlar!$B$2*ABS(Bitkiler!$D$2-Topraklar!$D$14)+Ayarlar!$B$3*ABS(Bitkiler!$E$2-Topraklar!$E$14)+Ayarlar!$B$4*ABS(Bitkiler!$F$2-Topraklar!$F$14)+Ayarlar!$B$5*ABS(Bitkiler!$G$2-Topraklar!$G$14)+Ayarlar!$B$6*IF(Bitkiler!$H$2=Topraklar!$H$14,0,1))/Ayarlar!$B$7)+IF(Topraklar!$K$14=Bitkiler!$C$2,0.002,IF(Topraklar!$L$14="Evet",0.001,0))) | O3: =IF(OR(Topraklar!$J$15="Evet",AND(Topraklar!$L$15<>"Evet",Topraklar!$K$15<>Bitkiler!$C$2)),0,MAX(0,1-(Ayarlar!$B$2*ABS(Bitkiler!$D$2-Topraklar!$D$15)+Ayarlar!$B$3*ABS(Bitkiler!$E$2-Topraklar!$E$15)+Ayarlar!$B$4*ABS(Bitkiler!$F$2-Topraklar!$F$15)+Ayarlar!$B$5*ABS(Bitkiler!$G$2-Topraklar!$G$15)+Ayarlar!$B$6*IF(Bitkiler!$H$2=Topraklar!$H$15,0,1))/Ayarlar!$B$7)+IF(Topraklar!$K$15=Bitkiler!$C$2,0.002,IF(Topraklar!$L$15="Evet",0.001,0))) | P3: =IF(OR(Topraklar!$J$16="Evet",AND(Topraklar!$L$16<>"Evet",Topraklar!$K$16<>Bitkiler!$C$2)),0,MAX(0,1-(Ayarlar!$B$2*ABS(Bitkiler!$D$2-Topraklar!$D$16)+Ayarlar!$B$3*ABS(Bitkiler!$E$2-Topraklar!$E$16)+Ayarlar!$B$4*ABS(Bitkiler!$F$2-Topraklar!$F$16)+Ayarlar!$B$5*ABS(Bitkiler!$G$2-Topraklar!$G$16)+Ayarlar!$B$6*IF(Bitkiler!$H$2=Topraklar!$H$16,0,1))/Ayarlar!$B$7)+IF(Topraklar!$K$16=Bitkiler!$C$2,0.002,IF(Topraklar!$L$16="Evet",0.001,0))) | Q3: =IF(OR(Topraklar!$J$17="Evet",AND(Topraklar!$L$17<>"Evet",Topraklar!$K$17<>Bitkiler!$C$2)),0,MAX(0,1-(Ayarlar!$B$2*ABS(Bitkiler!$D$2-Topraklar!$D$17)+Ayarlar!$B$3*ABS(Bitkiler!$E$2-Topraklar!$E$17)+Ayarlar!$B$4*ABS(Bitkiler!$F$2-Topraklar!$F$17)+Ayarlar!$B$5*ABS(Bitkiler!$G$2-Topraklar!$G$17)+Ayarlar!$B$6*IF(Bitkiler!$H$2=Topraklar!$H$17,0,1))/Ayarlar!$B$7)+IF(Topraklar!$K$17=Bitkiler!$C$2,0.002,IF(Topraklar!$L$17="Evet",0.001,0))) | R3: =IF(OR(Topraklar!$J$18="Evet",AND(Topraklar!$L$18<>"Evet",Topraklar!$K$18<>Bitkiler!$C$2)),0,MAX(0,1-(Ayarlar!$B$2*ABS(Bitkiler!$D$2-Topraklar!$D$18)+Ayarlar!$B$3*ABS(Bitkiler!$E$2-Topraklar!$E$18)+Ayarlar!$B$4*ABS(Bitkiler!$F$2-Topraklar!$F$18)+Ayarlar!$B$5*ABS(Bitkiler!$G$2-Topraklar!$G$18)+Ayarlar!$B$6*IF(Bitkiler!$H$2=Topraklar!$H$18,0,1))/Ayarlar!$B$7)+IF(Topraklar!$K$18=Bitkiler!$C$2,0.002,IF(Topraklar!$L$18="Evet",0.001,0))) | S3: =IF(OR(Topraklar!$J$19="Evet",AND(Topraklar!$L$19<>"Evet",Topraklar!$K$19<>Bitkiler!$C$2)),0,MAX(0,1-(Ayarlar!$B$2*ABS(Bitkiler!$D$2-Topraklar!$D$19)+Ayarlar!$B$3*ABS(Bitkiler!$E$2-Topraklar!$E$19)+Ayarlar!$B$4*ABS(Bitkiler!$F$2-Topraklar!$F$19)+Ayarlar!$B$5*ABS(Bitkiler!$G$2-Topraklar!$G$19)+Ayarlar!$B$6*IF(Bitkiler!$H$2=Topraklar!$H$19,0,1))/Ayarlar!$B$7)+IF(Topraklar!$K$19=Bitkiler!$C$2,0.002,IF(Topraklar!$L$19="Evet",0.001,0))) | T3: =IF(OR(Topraklar!$J$20="Evet",AND(Topraklar!$L$20<>"Evet",Topraklar!$K$20<>Bitkiler!$C$2)),0,MAX(0,1-(Ayarlar!$B$2*ABS(Bitkiler!$D$2-Topraklar!$D$20)+Ayarlar!$B$3*ABS(Bitkiler!$E$2-Topraklar!$E$20)+Ayarlar!$B$4*ABS(Bitkiler!$F$2-Topraklar!$F$20)+Ayarlar!$B$5*ABS(Bitkiler!$G$2-Topraklar!$G$20)+Ayarlar!$B$6*IF(Bitkiler!$H$2=Topraklar!$H$20,0,1))/Ayarlar!$B$7)+IF(Topraklar!$K$20=Bitkiler!$C$2,0.002,IF(Topraklar!$L$20="Evet",0.001,0))) | U3: =IF(OR(Topraklar!$J$21="Evet",AND(Topraklar!$L$21<>"Evet",Topraklar!$K$21<>Bitkiler!$C$2)),0,MAX(0,1-(Ayarlar!$B$2*ABS(Bitkiler!$D$2-Topraklar!$D$21)+Ayarlar!$B$3*ABS(Bitkiler!$E$2-Topraklar!$E$21)+Ayarlar!$B$4*ABS(Bitkiler!$F$2-Topraklar!$F$21)+Ayarlar!$B$5*ABS(Bitkiler!$G$2-Topraklar!$G$21)+Ayarlar!$B$6*IF(Bitkiler!$H$2=Topraklar!$H$21,0,1))/Ayarlar!$B$7)+IF(Topraklar!$K$21=Bitkiler!$C$2,0.002,IF(Topraklar!$L$21="Evet",0.001,0))) | V3: =IF(OR(Topraklar!$J$22="Evet",AND(Topraklar!$L$22<>"Evet",Topraklar!$K$22<>Bitkiler!$C$2)),0,MAX(0,1-(Ayarlar!$B$2*ABS(Bitkiler!$D$2-Topraklar!$D$22)+Ayarlar!$B$3*ABS(Bitkiler!$E$2-Topraklar!$E$22)+Ayarlar!$B$4*ABS(Bitkiler!$F$2-Topraklar!$F$22)+Ayarlar!$B$5*ABS(Bitkiler!$G$2-Topraklar!$G$22)+Ayarlar!$B$6*IF(Bitkiler!$H$2=Topraklar!$H$22,0,1))/Ayarlar!$B$7)+IF(Topraklar!$K$22=Bitkiler!$C$2,0.002,IF(Topraklar!$L$22="Evet",0.001,0))) | W3: =IF(OR(Topraklar!$J$23="Evet",AND(Topraklar!$L$23<>"Evet",Topraklar!$K$23<>Bitkiler!$C$2)),0,MAX(0,1-(Ayarlar!$B$2*ABS(Bitkiler!$D$2-Topraklar!$D$23)+Ayarlar!$B$3*ABS(Bitkiler!$E$2-Topraklar!$E$23)+Ayarlar!$B$4*ABS(Bitkiler!$F$2-Topraklar!$F$23)+Ayarlar!$B$5*ABS(Bitkiler!$G$2-Topraklar!$G$23)+Ayarlar!$B$6*IF(Bitkiler!$H$2=Topraklar!$H$23,0,1))/Ayarlar!$B$7)+IF(Topraklar!$K$23=Bitkiler!$C$2,0.002,IF(Topraklar!$L$23="Evet",0.001,0))) | X3: =IF(OR(Topraklar!$J$24="Evet",AND(Topraklar!$L$24<>"Evet",Topraklar!$K$24<>Bitkiler!$C$2)),0,MAX(0,1-(Ayarlar!$B$2*ABS(Bitkiler!$D$2-Topraklar!$D$24)+Ayarlar!$B$3*ABS(Bitkiler!$E$2-Topraklar!$E$24)+Ayarlar!$B$4*ABS(Bitkiler!$F$2-Topraklar!$F$24)+Ayarlar!$B$5*ABS(Bitkiler!$G$2-Topraklar!$G$24)+Ayarlar!$B$6*IF(Bitkiler!$H$2=Topraklar!$H$24,0,1))/Ayarlar!$B$7)+IF(Topraklar!$K$24=Bitkiler!$C$2,0.002,IF(Topraklar!$L$24="Evet",0.001,0))) | Y3: =IF(OR(Topraklar!$J$25="Evet",AND(Topraklar!$L$25<>"Evet",Topraklar!$K$25<>Bitkiler!$C$2)),0,MAX(0,1-(Ayarlar!$B$2*ABS(Bitkiler!$D$2-Topraklar!$D$25)+Ayarlar!$B$3*ABS(Bitkiler!$E$2-Topraklar!$E$25)+Ayarlar!$B$4*ABS(Bitkiler!$F$2-Topraklar!$F$25)+Ayarlar!$B$5*ABS(Bitkiler!$G$2-Topraklar!$G$25)+Ayarlar!$B$6*IF(Bitkiler!$H$2=Topraklar!$H$25,0,1))/Ayarlar!$B$7)+IF(Topraklar!$K$25=Bitkiler!$C$2,0.002,IF(Topraklar!$L$25="Evet",0.001,0))) | Z3: =IF(OR(Topraklar!$J$26="Evet",AND(Topraklar!$L$26<>"Evet",Topraklar!$K$26<>Bitkiler!$C$2)),0,MAX(0,1-(Ayarlar!$B$2*ABS(Bitkiler!$D$2-Topraklar!$D$26)+Ayarlar!$B$3*ABS(Bitkiler!$E$2-Topraklar!$E$26)+Ayarlar!$B$4*ABS(Bitkiler!$F$2-Topraklar!$F$26)+Ayarlar!$B$5*ABS(Bitkiler!$G$2-Topraklar!$G$26)+Ayarlar!$B$6*IF(Bitkiler!$H$2=Topraklar!$H$26,0,1))/Ayarlar!$B$7)+IF(Topraklar!$K$26=Bitkiler!$C$2,0.002,IF(Topraklar!$L$26="Evet",0.001,0))) | AA3: =IF(OR(Topraklar!$J$27="Evet",AND(Topraklar!$L$27<>"Evet",Topraklar!$K$27<>Bitkiler!$C$2)),0,MAX(0,1-(Ayarlar!$B$2*ABS(Bitkiler!$D$2-Topraklar!$D$27)+Ayarlar!$B$3*ABS(Bitkiler!$E$2-Topraklar!$E$27)+Ayarlar!$B$4*ABS(Bitkiler!$F$2-Topraklar!$F$27)+Ayarlar!$B$5*ABS(Bitkiler!$G$2-Topraklar!$G$27)+Ayarlar!$B$6*IF(Bitkiler!$H$2=Topraklar!$H$27,0,1))/Ayarlar!$B$7)+IF(Topraklar!$K$27=Bitkiler!$C$2,0.002,IF(Topraklar!$L$27="Evet",0.001,0))) | AB3: =IF(OR(Topraklar!$J$28="Evet",AND(Topraklar!$L$28<>"Evet",Topraklar!$K$28<>Bitkiler!$C$2)),0,MAX(0,1-(Ayarlar!$B$2*ABS(Bitkiler!$D$2-Topraklar!$D$28)+Ayarlar!$B$3*ABS(Bitkiler!$E$2-Topraklar!$E$28)+Ayarlar!$B$4*ABS(Bitkiler!$F$2-Topraklar!$F$28)+Ayarlar!$B$5*ABS(Bitkiler!$G$2-Topraklar!$G$28)+Ayarlar!$B$6*IF(Bitkiler!$H$2=Topraklar!$H$28,0,1))/Ayarlar!$B$7)+IF(Topraklar!$K$28=Bitkiler!$C$2,0.002,IF(Topraklar!$L$28="Evet",0.001,0))) | AC3: =IF(OR(Topraklar!$J$29="Evet",AND(Topraklar!$L$29<>"Evet",Topraklar!$K$29<>Bitkiler!$C$2)),0,MAX(0,1-(Ayarlar!$B$2*ABS(Bitkiler!$D$2-Topraklar!$D$29)+Ayarlar!$B$3*ABS(Bitkiler!$E$2-Topraklar!$E$29)+Ayarlar!$B$4*ABS(Bitkiler!$F$2-Topraklar!$F$29)+Ayarlar!$B$5*ABS(Bitkiler!$G$2-Topraklar!$G$29)+Ayarlar!$B$6*IF(Bitkiler!$H$2=Topraklar!$H$29,0,1))/Ayarlar!$B$7)+IF(Topraklar!$K$29=Bitkiler!$C$2,0.002,IF(Topraklar!$L$29="Evet",0.001,0))) | AD3: =IF(OR(Topraklar!$J$30="Evet",AND(Topraklar!$L$30<>"Evet",Topraklar!$K$30<>Bitkiler!$C$2)),0,MAX(0,1-(Ayarlar!$B$2*ABS(Bitkiler!$D$2-Topraklar!$D$30)+Ayarlar!$B$3*ABS(Bitkiler!$E$2-Topraklar!$E$30)+Ayarlar!$B$4*ABS(Bitkiler!$F$2-Topraklar!$F$30)+Ayarlar!$B$5*ABS(Bitkiler!$G$2-Topraklar!$G$30)+Ayarlar!$B$6*IF(Bitkiler!$H$2=Topraklar!$H$30,0,1))/Ayarlar!$B$7)+IF(Topraklar!$K$30=Bitkiler!$C$2,0.002,IF(Topraklar!$L$30="Evet",0.001,0))) | AE3: =IF(OR(Topraklar!$J$31="Evet",AND(Topraklar!$L$31<>"Evet",Topraklar!$K$31<>Bitkiler!$C$2)),0,MAX(0,1-(Ayarlar!$B$2*ABS(Bitkiler!$D$2-Topraklar!$D$31)+Ayarlar!$B$3*ABS(Bitkiler!$E$2-Topraklar!$E$31)+Ayarlar!$B$4*ABS(Bitkiler!$F$2-Topraklar!$F$31)+Ayarlar!$B$5*ABS(Bitkiler!$G$2-Topraklar!$G$31)+Ayarlar!$B$6*IF(Bitkiler!$H$2=Topraklar!$H$31,0,1))/Ayarlar!$B$7)+IF(Topraklar!$K$31=Bitkiler!$C$2,0.002,IF(Topraklar!$L$31="Evet",0.001,0))) | AF3: =IF(OR(Topraklar!$J$32="Evet",AND(Topraklar!$L$32<>"Evet",Topraklar!$K$32<>Bitkiler!$C$2)),0,MAX(0,1-(Ayarlar!$B$2*ABS(Bitkiler!$D$2-Topraklar!$D$32)+Ayarlar!$B$3*ABS(Bitkiler!$E$2-Topraklar!$E$32)+Ayarlar!$B$4*ABS(Bitkiler!$F$2-Topraklar!$F$32)+Ayarlar!$B$5*ABS(Bitkiler!$G$2-Topraklar!$G$32)+Ayarlar!$B$6*IF(Bitkiler!$H$2=Topraklar!$H$32,0,1))/Ayarlar!$B$7)+IF(Topraklar!$K$32=Bitkiler!$C$2,0.002,IF(Topraklar!$L$32="Evet",0.001,0))) | AG3: =IF(OR(Topraklar!$J$33="Evet",AND(Topraklar!$L$33<>"Evet",Topraklar!$K$33<>Bitkiler!$C$2)),0,MAX(0,1-(Ayarlar!$B$2*ABS(Bitkiler!$D$2-Topraklar!$D$33)+Ayarlar!$B$3*ABS(Bitkiler!$E$2-Topraklar!$E$33)+Ayarlar!$B$4*ABS(Bitkiler!$F$2-Topraklar!$F$33)+Ayarlar!$B$5*ABS(Bitkiler!$G$2-Topraklar!$G$33)+Ayarlar!$B$6*IF(Bitkiler!$H$2=Topraklar!$H$33,0,1))/Ayarlar!$B$7)+IF(Topraklar!$K$33=Bitkiler!$C$2,0.002,IF(Topraklar!$L$33="Evet",0.001,0))) | AH3: =IF(OR(Topraklar!$J$34="Evet",AND(Topraklar!$L$34<>"Evet",Topraklar!$K$34<>Bitkiler!$C$2)),0,MAX(0,1-(Ayarlar!$B$2*ABS(Bitkiler!$D$2-Topraklar!$D$34)+Ayarlar!$B$3*ABS(Bitkiler!$E$2-Topraklar!$E$34)+Ayarlar!$B$4*ABS(Bitkiler!$F$2-Topraklar!$F$34)+Ayarlar!$B$5*ABS(Bitkiler!$G$2-Topraklar!$G$34)+Ayarlar!$B$6*IF(Bitkiler!$H$2=Topraklar!$H$34,0,1))/Ayarlar!$B$7)+IF(Topraklar!$K$34=Bitkiler!$C$2,0.002,IF(Topraklar!$L$34="Evet",0.001,0))) | AI3: =IF(OR(Topraklar!$J$35="Evet",AND(Topraklar!$L$35<>"Evet",Topraklar!$K$35<>Bitkiler!$C$2)),0,MAX(0,1-(Ayarlar!$B$2*ABS(Bitkiler!$D$2-Topraklar!$D$35)+Ayarlar!$B$3*ABS(Bitkiler!$E$2-Topraklar!$E$35)+Ayarlar!$B$4*ABS(Bitkiler!$F$2-Topraklar!$F$35)+Ayarlar!$B$5*ABS(Bitkiler!$G$2-Topraklar!$G$35)+Ayarlar!$B$6*IF(Bitkiler!$H$2=Topraklar!$H$35,0,1))/Ayarlar!$B$7)+IF(Topraklar!$K$35=Bitkiler!$C$2,0.002,IF(Topraklar!$L$35="Evet",0.001,0))) | AJ3: =IF(OR(Topraklar!$J$36="Evet",AND(Topraklar!$L$36<>"Evet",Topraklar!$K$36<>Bitkiler!$C$2)),0,MAX(0,1-(Ayarlar!$B$2*ABS(Bitkiler!$D$2-Topraklar!$D$36)+Ayarlar!$B$3*ABS(Bitkiler!$E$2-Topraklar!$E$36)+Ayarlar!$B$4*ABS(Bitkiler!$F$2-Topraklar!$F$36)+Ayarlar!$B$5*ABS(Bitkiler!$G$2-Topraklar!$G$36)+Ayarlar!$B$6*IF(Bitkiler!$H$2=Topraklar!$H$36,0,1))/Ayarlar!$B$7)+IF(Topraklar!$K$36=Bitkiler!$C$2,0.002,IF(Topraklar!$L$36="Evet",0.001,0))) | AK3: =IF(OR(Topraklar!$J$37="Evet",AND(Topraklar!$L$37<>"Evet",Topraklar!$K$37<>Bitkiler!$C$2)),0,MAX(0,1-(Ayarlar!$B$2*ABS(Bitkiler!$D$2-Topraklar!$D$37)+Ayarlar!$B$3*ABS(Bitkiler!$E$2-Topraklar!$E$37)+Ayarlar!$B$4*ABS(Bitkiler!$F$2-Topraklar!$F$37)+Ayarlar!$B$5*ABS(Bitkiler!$G$2-Topraklar!$G$37)+Ayarlar!$B$6*IF(Bitkiler!$H$2=Topraklar!$H$37,0,1))/Ayarlar!$B$7)+IF(Topraklar!$K$37=Bitkiler!$C$2,0.002,IF(Topraklar!$L$37="Evet",0.001,0))) | AL3: =IF(OR(Topraklar!$J$38="Evet",AND(Topraklar!$L$38<>"Evet",Topraklar!$K$38<>Bitkiler!$C$2)),0,MAX(0,1-(Ayarlar!$B$2*ABS(Bitkiler!$D$2-Topraklar!$D$38)+Ayarlar!$B$3*ABS(Bitkiler!$E$2-Topraklar!$E$38)+Ayarlar!$B$4*ABS(Bitkiler!$F$2-Topraklar!$F$38)+Ayarlar!$B$5*ABS(Bitkiler!$G$2-Topraklar!$G$38)+Ayarlar!$B$6*IF(Bitkiler!$H$2=Topraklar!$H$38,0,1))/Ayarlar!$B$7)+IF(Topraklar!$K$38=Bitkiler!$C$2,0.002,IF(Topraklar!$L$38="Evet",0.001,0))) | AM3: =IF(OR(Topraklar!$J$39="Evet",AND(Topraklar!$L$39<>"Evet",Topraklar!$K$39<>Bitkiler!$C$2)),0,MAX(0,1-(Ayarlar!$B$2*ABS(Bitkiler!$D$2-Topraklar!$D$39)+Ayarlar!$B$3*ABS(Bitkiler!$E$2-Topraklar!$E$39)+Ayarlar!$B$4*ABS(Bitkiler!$F$2-Topraklar!$F$39)+Ayarlar!$B$5*ABS(Bitkiler!$G$2-Topraklar!$G$39)+Ayarlar!$B$6*IF(Bitkiler!$H$2=Topraklar!$H$39,0,1))/Ayarlar!$B$7)+IF(Topraklar!$K$39=Bitkiler!$C$2,0.002,IF(Topraklar!$L$39="Evet",0.001,0))) | AN3: =IF(OR(Topraklar!$J$40="Evet",AND(Topraklar!$L$40<>"Evet",Topraklar!$K$40<>Bitkiler!$C$2)),0,MAX(0,1-(Ayarlar!$B$2*ABS(Bitkiler!$D$2-Topraklar!$D$40)+Ayarlar!$B$3*ABS(Bitkiler!$E$2-Topraklar!$E$40)+Ayarlar!$B$4*ABS(Bitkiler!$F$2-Topraklar!$F$40)+Ayarlar!$B$5*ABS(Bitkiler!$G$2-Topraklar!$G$40)+Ayarlar!$B$6*IF(Bitkiler!$H$2=Topraklar!$H$40,0,1))/Ayarlar!$B$7)+IF(Topraklar!$K$40=Bitkiler!$C$2,0.002,IF(Topraklar!$L$40="Evet",0.001,0))) | AO3: =IF(OR(Topraklar!$J$41="Evet",AND(Topraklar!$L$41<>"Evet",Topraklar!$K$41<>Bitkiler!$C$2)),0,MAX(0,1-(Ayarlar!$B$2*ABS(Bitkiler!$D$2-Topraklar!$D$41)+Ayarlar!$B$3*ABS(Bitkiler!$E$2-Topraklar!$E$41)+Ayarlar!$B$4*ABS(Bitkiler!$F$2-Topraklar!$F$41)+Ayarlar!$B$5*ABS(Bitkiler!$G$2-Topraklar!$G$41)+Ayarlar!$B$6*IF(Bitkiler!$H$2=Topraklar!$H$41,0,1))/Ayarlar!$B$7)+IF(Topraklar!$K$41=Bitkiler!$C$2,0.002,IF(Topraklar!$L$41="Evet",0.001,0))) | AP3: =IF(OR(Topraklar!$J$42="Evet",AND(Topraklar!$L$42<>"Evet",Topraklar!$K$42<>Bitkiler!$C$2)),0,MAX(0,1-(Ayarlar!$B$2*ABS(Bitkiler!$D$2-Topraklar!$D$42)+Ayarlar!$B$3*ABS(Bitkiler!$E$2-Topraklar!$E$42)+Ayarlar!$B$4*ABS(Bitkiler!$F$2-Topraklar!$F$42)+Ayarlar!$B$5*ABS(Bitkiler!$G$2-Topraklar!$G$42)+Ayarlar!$B$6*IF(Bitkiler!$H$2=Topraklar!$H$42,0,1))/Ayarlar!$B$7)+IF(Topraklar!$K$42=Bitkiler!$C$2,0.002,IF(Topraklar!$L$42="Evet",0.001,0))) | AQ3: =IF(OR(Topraklar!$J$43="Evet",AND(Topraklar!$L$43<>"Evet",Topraklar!$K$43<>Bitkiler!$C$2)),0,MAX(0,1-(Ayarlar!$B$2*ABS(Bitkiler!$D$2-Topraklar!$D$43)+Ayarlar!$B$3*ABS(Bitkiler!$E$2-Topraklar!$E$43)+Ayarlar!$B$4*ABS(Bitkiler!$F$2-Topraklar!$F$43)+Ayarlar!$B$5*ABS(Bitkiler!$G$2-Topraklar!$G$43)+Ayarlar!$B$6*IF(Bitkiler!$H$2=Topraklar!$H$43,0,1))/Ayarlar!$B$7)+IF(Topraklar!$K$43=Bitkiler!$C$2,0.002,IF(Topraklar!$L$43="Evet",0.001,0))) | AR3: =IF(OR(Topraklar!$J$44="Evet",AND(Topraklar!$L$44<>"Evet",Topraklar!$K$44<>Bitkiler!$C$2)),0,MAX(0,1-(Ayarlar!$B$2*ABS(Bitkiler!$D$2-Topraklar!$D$44)+Ayarlar!$B$3*ABS(Bitkiler!$E$2-Topraklar!$E$44)+Ayarlar!$B$4*ABS(Bitkiler!$F$2-Topraklar!$F$44)+Ayarlar!$B$5*ABS(Bitkiler!$G$2-Topraklar!$G$44)+Ayarlar!$B$6*IF(Bitkiler!$H$2=Topraklar!$H$44,0,1))/Ayarlar!$B$7)+IF(Topraklar!$K$44=Bitkiler!$C$2,0.002,IF(Topraklar!$L$44="Evet",0.001,0))) | AS3: =IF(OR(Topraklar!$J$45="Evet",AND(Topraklar!$L$45<>"Evet",Topraklar!$K$45<>Bitkiler!$C$2)),0,MAX(0,1-(Ayarlar!$B$2*ABS(Bitkiler!$D$2-Topraklar!$D$45)+Ayarlar!$B$3*ABS(Bitkiler!$E$2-Topraklar!$E$45)+Ayarlar!$B$4*ABS(Bitkiler!$F$2-Topraklar!$F$45)+Ayarlar!$B$5*ABS(Bitkiler!$G$2-Topraklar!$G$45)+Ayarlar!$B$6*IF(Bitkiler!$H$2=Topraklar!$H$45,0,1))/Ayarlar!$B$7)+IF(Topraklar!$K$45=Bitkiler!$C$2,0.002,IF(Topraklar!$L$45="Evet",0.001,0))) | AT3: =IF(OR(Topraklar!$J$46="Evet",AND(Topraklar!$L$46<>"Evet",Topraklar!$K$46<>Bitkiler!$C$2)),0,MAX(0,1-(Ayarlar!$B$2*ABS(Bitkiler!$D$2-Topraklar!$D$46)+Ayarlar!$B$3*ABS(Bitkiler!$E$2-Topraklar!$E$46)+Ayarlar!$B$4*ABS(Bitkiler!$F$2-Topraklar!$F$46)+Ayarlar!$B$5*ABS(Bitkiler!$G$2-Topraklar!$G$46)+Ayarlar!$B$6*IF(Bitkiler!$H$2=Topraklar!$H$46,0,1))/Ayarlar!$B$7)+IF(Topraklar!$K$46=Bitkiler!$C$2,0.002,IF(Topraklar!$L$46="Evet",0.001,0))) | AU3: =IF(OR(Topraklar!$J$47="Evet",AND(Topraklar!$L$47<>"Evet",Topraklar!$K$47<>Bitkiler!$C$2)),0,MAX(0,1-(Ayarlar!$B$2*ABS(Bitkiler!$D$2-Topraklar!$D$47)+Ayarlar!$B$3*ABS(Bitkiler!$E$2-Topraklar!$E$47)+Ayarlar!$B$4*ABS(Bitkiler!$F$2-Topraklar!$F$47)+Ayarlar!$B$5*ABS(Bitkiler!$G$2-Topraklar!$G$47)+Ayarlar!$B$6*IF(Bitkiler!$H$2=Topraklar!$H$47,0,1))/Ayarlar!$B$7)+IF(Topraklar!$K$47=Bitkiler!$C$2,0.002,IF(Topraklar!$L$47="Evet",0.001,0))) | AV3: =IF(OR(Topraklar!$J$48="Evet",AND(Topraklar!$L$48<>"Evet",Topraklar!$K$48<>Bitkiler!$C$2)),0,MAX(0,1-(Ayarlar!$B$2*ABS(Bitkiler!$D$2-Topraklar!$D$48)+Ayarlar!$B$3*ABS(Bitkiler!$E$2-Topraklar!$E$48)+Ayarlar!$B$4*ABS(Bitkiler!$F$2-Topraklar!$F$48)+Ayarlar!$B$5*ABS(Bitkiler!$G$2-Topraklar!$G$48)+Ayarlar!$B$6*IF(Bitkiler!$H$2=Topraklar!$H$48,0,1))/Ayarlar!$B$7)+IF(Topraklar!$K$48=Bitkiler!$C$2,0.002,IF(Topraklar!$L$48="Evet",0.001,0))) | AW3: =IF(OR(Topraklar!$J$49="Evet",AND(Topraklar!$L$49<>"Evet",Topraklar!$K$49<>Bitkiler!$C$2)),0,MAX(0,1-(Ayarlar!$B$2*ABS(Bitkiler!$D$2-Topraklar!$D$49)+Ayarlar!$B$3*ABS(Bitkiler!$E$2-Topraklar!$E$49)+Ayarlar!$B$4*ABS(Bitkiler!$F$2-Topraklar!$F$49)+Ayarlar!$B$5*ABS(Bitkiler!$G$2-Topraklar!$G$49)+Ayarlar!$B$6*IF(Bitkiler!$H$2=Topraklar!$H$49,0,1))/Ayarlar!$B$7)+IF(Topraklar!$K$49=Bitkiler!$C$2,0.002,IF(Topraklar!$L$49="Evet",0.001,0))) | AX3: =IF(OR(Topraklar!$J$50="Evet",AND(Topraklar!$L$50<>"Evet",Topraklar!$K$50<>Bitkiler!$C$2)),0,MAX(0,1-(Ayarlar!$B$2*ABS(Bitkiler!$D$2-Topraklar!$D$50)+Ayarlar!$B$3*ABS(Bitkiler!$E$2-Topraklar!$E$50)+Ayarlar!$B$4*ABS(Bitkiler!$F$2-Topraklar!$F$50)+Ayarlar!$B$5*ABS(Bitkiler!$G$2-Topraklar!$G$50)+Ayarlar!$B$6*IF(Bitkiler!$H$2=Topraklar!$H$50,0,1))/Ayarlar!$B$7)+IF(Topraklar!$K$50=Bitkiler!$C$2,0.002,IF(Topraklar!$L$50="Evet",0.001,0))) | AY3: =IF(OR(Topraklar!$J$51="Evet",AND(Topraklar!$L$51<>"Evet",Topraklar!$K$51<>Bitkiler!$C$2)),0,MAX(0,1-(Ayarlar!$B$2*ABS(Bitkiler!$D$2-Topraklar!$D$51)+Ayarlar!$B$3*ABS(Bitkiler!$E$2-Topraklar!$E$51)+Ayarlar!$B$4*ABS(Bitkiler!$F$2-Topraklar!$F$51)+Ayarlar!$B$5*ABS(Bitkiler!$G$2-Topraklar!$G$51)+Ayarlar!$B$6*IF(Bitkiler!$H$2=Topraklar!$H$51,0,1))/Ayarlar!$B$7)+IF(Topraklar!$K$51=Bitkiler!$C$2,0.002,IF(Topraklar!$L$51="Evet",0.001,0)))
A4: =Bitkiler!A3 | B4: =IF(OR(Topraklar!$J$2="Evet",AND(Topraklar!$L$2<>"Evet",Topraklar!$K$2<>Bitkiler!$C$3)),0,MAX(0,1-(Ayarlar!$B$2*ABS(Bitkiler!$D$3-Topraklar!$D$2)+Ayarlar!$B$3*ABS(Bitkiler!$E$3-Topraklar!$E$2)+Ayarlar!$B$4*ABS(Bitkiler!$F$3-Topraklar!$F$2)+Ayarlar!$B$5*ABS(Bitkiler!$G$3-Topraklar!$G$2)+Ayarlar!$B$6*IF(Bitkiler!$H$3=Topraklar!$H$2,0,1))/Ayarlar!$B$7)+IF(Topraklar!$K$2=Bitkiler!$C$3,0.002,IF(Topraklar!$L$2="Evet",0.001,0))) | C4: =IF(OR(Topraklar!$J$3="Evet",AND(Topraklar!$L$3<>"Evet",Topraklar!$K$3<>Bitkiler!$C$3)),0,MAX(0,1-(Ayarlar!$B$2*ABS(Bitkiler!$D$3-Topraklar!$D$3)+Ayarlar!$B$3*ABS(Bitkiler!$E$3-Topraklar!$E$3)+Ayarlar!$B$4*ABS(Bitkiler!$F$3-Topraklar!$F$3)+Ayarlar!$B$5*ABS(Bitkiler!$G$3-Topraklar!$G$3)+Ayarlar!$B$6*IF(Bitkiler!$H$3=Topraklar!$H$3,0,1))/Ayarlar!$B$7)+IF(Topraklar!$K$3=Bitkiler!$C$3,0.002,IF(Topraklar!$L$3="Evet",0.001,0))) | D4: =IF(OR(Topraklar!$J$4="Evet",AND(Topraklar!$L$4<>"Evet",Topraklar!$K$4<>Bitkiler!$C$3)),0,MAX(0,1-(Ayarlar!$B$2*ABS(Bitkiler!$D$3-Topraklar!$D$4)+Ayarlar!$B$3*ABS(Bitkiler!$E$3-Topraklar!$E$4)+Ayarlar!$B$4*ABS(Bitkiler!$F$3-Topraklar!$F$4)+Ayarlar!$B$5*ABS(Bitkiler!$G$3-Topraklar!$G$4)+Ayarlar!$B$6*IF(Bitkiler!$H$3=Topraklar!$H$4,0,1))/Ayarlar!$B$7)+IF(Topraklar!$K$4=Bitkiler!$C$3,0.002,IF(Topraklar!$L$4="Evet",0.001,0))) | E4: =IF(OR(Topraklar!$J$5="Evet",AND(Topraklar!$L$5<>"Evet",Topraklar!$K$5<>Bitkiler!$C$3)),0,MAX(0,1-(Ayarlar!$B$2*ABS(Bitkiler!$D$3-Topraklar!$D$5)+Ayarlar!$B$3*ABS(Bitkiler!$E$3-Topraklar!$E$5)+Ayarlar!$B$4*ABS(Bitkiler!$F$3-Topraklar!$F$5)+Ayarlar!$B$5*ABS(Bitkiler!$G$3-Topraklar!$G$5)+Ayarlar!$B$6*IF(Bitkiler!$H$3=Topraklar!$H$5,0,1))/Ayarlar!$B$7)+IF(Topraklar!$K$5=Bitkiler!$C$3,0.002,IF(Topraklar!$L$5="Evet",0.001,0))) | F4: =IF(OR(Topraklar!$J$6="Evet",AND(Topraklar!$L$6<>"Evet",Topraklar!$K$6<>Bitkiler!$C$3)),0,MAX(0,1-(Ayarlar!$B$2*ABS(Bitkiler!$D$3-Topraklar!$D$6)+Ayarlar!$B$3*ABS(Bitkiler!$E$3-Topraklar!$E$6)+Ayarlar!$B$4*ABS(Bitkiler!$F$3-Topraklar!$F$6)+Ayarlar!$B$5*ABS(Bitkiler!$G$3-Topraklar!$G$6)+Ayarlar!$B$6*IF(Bitkiler!$H$3=Topraklar!$H$6,0,1))/Ayarlar!$B$7)+IF(Topraklar!$K$6=Bitkiler!$C$3,0.002,IF(Topraklar!$L$6="Evet",0.001,0))) | G4: =IF(OR(Topraklar!$J$7="Evet",AND(Topraklar!$L$7<>"Evet",Topraklar!$K$7<>Bitkiler!$C$3)),0,MAX(0,1-(Ayarlar!$B$2*ABS(Bitkiler!$D$3-Topraklar!$D$7)+Ayarlar!$B$3*ABS(Bitkiler!$E$3-Topraklar!$E$7)+Ayarlar!$B$4*ABS(Bitkiler!$F$3-Topraklar!$F$7)+Ayarlar!$B$5*ABS(Bitkiler!$G$3-Topraklar!$G$7)+Ayarlar!$B$6*IF(Bitkiler!$H$3=Topraklar!$H$7,0,1))/Ayarlar!$B$7)+IF(Topraklar!$K$7=Bitkiler!$C$3,0.002,IF(Topraklar!$L$7="Evet",0.001,0))) | H4: =IF(OR(Topraklar!$J$8="Evet",AND(Topraklar!$L$8<>"Evet",Topraklar!$K$8<>Bitkiler!$C$3)),0,MAX(0,1-(Ayarlar!$B$2*ABS(Bitkiler!$D$3-Topraklar!$D$8)+Ayarlar!$B$3*ABS(Bitkiler!$E$3-Topraklar!$E$8)+Ayarlar!$B$4*ABS(Bitkiler!$F$3-Topraklar!$F$8)+Ayarlar!$B$5*ABS(Bitkiler!$G$3-Topraklar!$G$8)+Ayarlar!$B$6*IF(Bitkiler!$H$3=Topraklar!$H$8,0,1))/Ayarlar!$B$7)+IF(Topraklar!$K$8=Bitkiler!$C$3,0.002,IF(Topraklar!$L$8="Evet",0.001,0))) | I4: =IF(OR(Topraklar!$J$9="Evet",AND(Topraklar!$L$9<>"Evet",Topraklar!$K$9<>Bitkiler!$C$3)),0,MAX(0,1-(Ayarlar!$B$2*ABS(Bitkiler!$D$3-Topraklar!$D$9)+Ayarlar!$B$3*ABS(Bitkiler!$E$3-Topraklar!$E$9)+Ayarlar!$B$4*ABS(Bitkiler!$F$3-Topraklar!$F$9)+Ayarlar!$B$5*ABS(Bitkiler!$G$3-Topraklar!$G$9)+Ayarlar!$B$6*IF(Bitkiler!$H$3=Topraklar!$H$9,0,1))/Ayarlar!$B$7)+IF(Topraklar!$K$9=Bitkiler!$C$3,0.002,IF(Topraklar!$L$9="Evet",0.001,0))) | J4: =IF(OR(Topraklar!$J$10="Evet",AND(Topraklar!$L$10<>"Evet",Topraklar!$K$10<>Bitkiler!$C$3)),0,MAX(0,1-(Ayarlar!$B$2*ABS(Bitkiler!$D$3-Topraklar!$D$10)+Ayarlar!$B$3*ABS(Bitkiler!$E$3-Topraklar!$E$10)+Ayarlar!$B$4*ABS(Bitkiler!$F$3-Topraklar!$F$10)+Ayarlar!$B$5*ABS(Bitkiler!$G$3-Topraklar!$G$10)+Ayarlar!$B$6*IF(Bitkiler!$H$3=Topraklar!$H$10,0,1))/Ayarlar!$B$7)+IF(Topraklar!$K$10=Bitkiler!$C$3,0.002,IF(Topraklar!$L$10="Evet",0.001,0))) | K4: =IF(OR(Topraklar!$J$11="Evet",AND(Topraklar!$L$11<>"Evet",Topraklar!$K$11<>Bitkiler!$C$3)),0,MAX(0,1-(Ayarlar!$B$2*ABS(Bitkiler!$D$3-Topraklar!$D$11)+Ayarlar!$B$3*ABS(Bitkiler!$E$3-Topraklar!$E$11)+Ayarlar!$B$4*ABS(Bitkiler!$F$3-Topraklar!$F$11)+Ayarlar!$B$5*ABS(Bitkiler!$G$3-Topraklar!$G$11)+Ayarlar!$B$6*IF(Bitkiler!$H$3=Topraklar!$H$11,0,1))/Ayarlar!$B$7)+IF(Topraklar!$K$11=Bitkiler!$C$3,0.002,IF(Topraklar!$L$11="Evet",0.001,0))) | L4: =IF(OR(Topraklar!$J$12="Evet",AND(Topraklar!$L$12<>"Evet",Topraklar!$K$12<>Bitkiler!$C$3)),0,MAX(0,1-(Ayarlar!$B$2*ABS(Bitkiler!$D$3-Topraklar!$D$12)+Ayarlar!$B$3*ABS(Bitkiler!$E$3-Topraklar!$E$12)+Ayarlar!$B$4*ABS(Bitkiler!$F$3-Topraklar!$F$12)+Ayarlar!$B$5*ABS(Bitkiler!$G$3-Topraklar!$G$12)+Ayarlar!$B$6*IF(Bitkiler!$H$3=Topraklar!$H$12,0,1))/Ayarlar!$B$7)+IF(Topraklar!$K$12=Bitkiler!$C$3,0.002,IF(Topraklar!$L$12="Evet",0.001,0))) | M4: =IF(OR(Topraklar!$J$13="Evet",AND(Topraklar!$L$13<>"Evet",Topraklar!$K$13<>Bitkiler!$C$3)),0,MAX(0,1-(Ayarlar!$B$2*ABS(Bitkiler!$D$3-Topraklar!$D$13)+Ayarlar!$B$3*ABS(Bitkiler!$E$3-Topraklar!$E$13)+Ayarlar!$B$4*ABS(Bitkiler!$F$3-Topraklar!$F$13)+Ayarlar!$B$5*ABS(Bitkiler!$G$3-Topraklar!$G$13)+Ayarlar!$B$6*IF(Bitkiler!$H$3=Topraklar!$H$13,0,1))/Ayarlar!$B$7)+IF(Topraklar!$K$13=Bitkiler!$C$3,0.002,IF(Topraklar!$L$13="Evet",0.001,0))) | N4: =IF(OR(Topraklar!$J$14="Evet",AND(Topraklar!$L$14<>"Evet",Topraklar!$K$14<>Bitkiler!$C$3)),0,MAX(0,1-(Ayarlar!$B$2*ABS(Bitkiler!$D$3-Topraklar!$D$14)+Ayarlar!$B$3*ABS(Bitkiler!$E$3-Topraklar!$E$14)+Ayarlar!$B$4*ABS(Bitkiler!$F$3-Topraklar!$F$14)+Ayarlar!$B$5*ABS(Bitkiler!$G$3-Topraklar!$G$14)+Ayarlar!$B$6*IF(Bitkiler!$H$3=Topraklar!$H$14,0,1))/Ayarlar!$B$7)+IF(Topraklar!$K$14=Bitkiler!$C$3,0.002,IF(Topraklar!$L$14="Evet",0.001,0))) | O4: =IF(OR(Topraklar!$J$15="Evet",AND(Topraklar!$L$15<>"Evet",Topraklar!$K$15<>Bitkiler!$C$3)),0,MAX(0,1-(Ayarlar!$B$2*ABS(Bitkiler!$D$3-Topraklar!$D$15)+Ayarlar!$B$3*ABS(Bitkiler!$E$3-Topraklar!$E$15)+Ayarlar!$B$4*ABS(Bitkiler!$F$3-Topraklar!$F$15)+Ayarlar!$B$5*ABS(Bitkiler!$G$3-Topraklar!$G$15)+Ayarlar!$B$6*IF(Bitkiler!$H$3=Topraklar!$H$15,0,1))/Ayarlar!$B$7)+IF(Topraklar!$K$15=Bitkiler!$C$3,0.002,IF(Topraklar!$L$15="Evet",0.001,0))) | P4: =IF(OR(Topraklar!$J$16="Evet",AND(Topraklar!$L$16<>"Evet",Topraklar!$K$16<>Bitkiler!$C$3)),0,MAX(0,1-(Ayarlar!$B$2*ABS(Bitkiler!$D$3-Topraklar!$D$16)+Ayarlar!$B$3*ABS(Bitkiler!$E$3-Topraklar!$E$16)+Ayarlar!$B$4*ABS(Bitkiler!$F$3-Topraklar!$F$16)+Ayarlar!$B$5*ABS(Bitkiler!$G$3-Topraklar!$G$16)+Ayarlar!$B$6*IF(Bitkiler!$H$3=Topraklar!$H$16,0,1))/Ayarlar!$B$7)+IF(Topraklar!$K$16=Bitkiler!$C$3,0.002,IF(Topraklar!$L$16="Evet",0.001,0))) | Q4: =IF(OR(Topraklar!$J$17="Evet",AND(Topraklar!$L$17<>"Evet",Topraklar!$K$17<>Bitkiler!$C$3)),0,MAX(0,1-(Ayarlar!$B$2*ABS(Bitkiler!$D$3-Topraklar!$D$17)+Ayarlar!$B$3*ABS(Bitkiler!$E$3-Topraklar!$E$17)+Ayarlar!$B$4*ABS(Bitkiler!$F$3-Topraklar!$F$17)+Ayarlar!$B$5*ABS(Bitkiler!$G$3-Topraklar!$G$17)+Ayarlar!$B$6*IF(Bitkiler!$H$3=Topraklar!$H$17,0,1))/Ayarlar!$B$7)+IF(Topraklar!$K$17=Bitkiler!$C$3,0.002,IF(Topraklar!$L$17="Evet",0.001,0))) | R4: =IF(OR(Topraklar!$J$18="Evet",AND(Topraklar!$L$18<>"Evet",Topraklar!$K$18<>Bitkiler!$C$3)),0,MAX(0,1-(Ayarlar!$B$2*ABS(Bitkiler!$D$3-Topraklar!$D$18)+Ayarlar!$B$3*ABS(Bitkiler!$E$3-Topraklar!$E$18)+Ayarlar!$B$4*ABS(Bitkiler!$F$3-Topraklar!$F$18)+Ayarlar!$B$5*ABS(Bitkiler!$G$3-Topraklar!$G$18)+Ayarlar!$B$6*IF(Bitkiler!$H$3=Topraklar!$H$18,0,1))/Ayarlar!$B$7)+IF(Topraklar!$K$18=Bitkiler!$C$3,0.002,IF(Topraklar!$L$18="Evet",0.001,0))) | S4: =IF(OR(Topraklar!$J$19="Evet",AND(Topraklar!$L$19<>"Evet",Topraklar!$K$19<>Bitkiler!$C$3)),0,MAX(0,1-(Ayarlar!$B$2*ABS(Bitkiler!$D$3-Topraklar!$D$19)+Ayarlar!$B$3*ABS(Bitkiler!$E$3-Topraklar!$E$19)+Ayarlar!$B$4*ABS(Bitkiler!$F$3-Topraklar!$F$19)+Ayarlar!$B$5*ABS(Bitkiler!$G$3-Topraklar!$G$19)+Ayarlar!$B$6*IF(Bitkiler!$H$3=Topraklar!$H$19,0,1))/Ayarlar!$B$7)+IF(Topraklar!$K$19=Bitkiler!$C$3,0.002,IF(Topraklar!$L$19="Evet",0.001,0))) | T4: =IF(OR(Topraklar!$J$20="Evet",AND(Topraklar!$L$20<>"Evet",Topraklar!$K$20<>Bitkiler!$C$3)),0,MAX(0,1-(Ayarlar!$B$2*ABS(Bitkiler!$D$3-Topraklar!$D$20)+Ayarlar!$B$3*ABS(Bitkiler!$E$3-Topraklar!$E$20)+Ayarlar!$B$4*ABS(Bitkiler!$F$3-Topraklar!$F$20)+Ayarlar!$B$5*ABS(Bitkiler!$G$3-Topraklar!$G$20)+Ayarlar!$B$6*IF(Bitkiler!$H$3=Topraklar!$H$20,0,1))/Ayarlar!$B$7)+IF(Topraklar!$K$20=Bitkiler!$C$3,0.002,IF(Topraklar!$L$20="Evet",0.001,0))) | U4: =IF(OR(Topraklar!$J$21="Evet",AND(Topraklar!$L$21<>"Evet",Topraklar!$K$21<>Bitkiler!$C$3)),0,MAX(0,1-(Ayarlar!$B$2*ABS(Bitkiler!$D$3-Topraklar!$D$21)+Ayarlar!$B$3*ABS(Bitkiler!$E$3-Topraklar!$E$21)+Ayarlar!$B$4*ABS(Bitkiler!$F$3-Topraklar!$F$21)+Ayarlar!$B$5*ABS(Bitkiler!$G$3-Topraklar!$G$21)+Ayarlar!$B$6*IF(Bitkiler!$H$3=Topraklar!$H$21,0,1))/Ayarlar!$B$7)+IF(Topraklar!$K$21=Bitkiler!$C$3,0.002,IF(Topraklar!$L$21="Evet",0.001,0))) | V4: =IF(OR(Topraklar!$J$22="Evet",AND(Topraklar!$L$22<>"Evet",Topraklar!$K$22<>Bitkiler!$C$3)),0,MAX(0,1-(Ayarlar!$B$2*ABS(Bitkiler!$D$3-Topraklar!$D$22)+Ayarlar!$B$3*ABS(Bitkiler!$E$3-Topraklar!$E$22)+Ayarlar!$B$4*ABS(Bitkiler!$F$3-Topraklar!$F$22)+Ayarlar!$B$5*ABS(Bitkiler!$G$3-Topraklar!$G$22)+Ayarlar!$B$6*IF(Bitkiler!$H$3=Topraklar!$H$22,0,1))/Ayarlar!$B$7)+IF(Topraklar!$K$22=Bitkiler!$C$3,0.002,IF(Topraklar!$L$22="Evet",0.001,0))) | W4: =IF(OR(Topraklar!$J$23="Evet",AND(Topraklar!$L$23<>"Evet",Topraklar!$K$23<>Bitkiler!$C$3)),0,MAX(0,1-(Ayarlar!$B$2*ABS(Bitkiler!$D$3-Topraklar!$D$23)+Ayarlar!$B$3*ABS(Bitkiler!$E$3-Topraklar!$E$23)+Ayarlar!$B$4*ABS(Bitkiler!$F$3-Topraklar!$F$23)+Ayarlar!$B$5*ABS(Bitkiler!$G$3-Topraklar!$G$23)+Ayarlar!$B$6*IF(Bitkiler!$H$3=Topraklar!$H$23,0,1))/Ayarlar!$B$7)+IF(Topraklar!$K$23=Bitkiler!$C$3,0.002,IF(Topraklar!$L$23="Evet",0.001,0))) | X4: =IF(OR(Topraklar!$J$24="Evet",AND(Topraklar!$L$24<>"Evet",Topraklar!$K$24<>Bitkiler!$C$3)),0,MAX(0,1-(Ayarlar!$B$2*ABS(Bitkiler!$D$3-Topraklar!$D$24)+Ayarlar!$B$3*ABS(Bitkiler!$E$3-Topraklar!$E$24)+Ayarlar!$B$4*ABS(Bitkiler!$F$3-Topraklar!$F$24)+Ayarlar!$B$5*ABS(Bitkiler!$G$3-Topraklar!$G$24)+Ayarlar!$B$6*IF(Bitkiler!$H$3=Topraklar!$H$24,0,1))/Ayarlar!$B$7)+IF(Topraklar!$K$24=Bitkiler!$C$3,0.002,IF(Topraklar!$L$24="Evet",0.001,0))) | Y4: =IF(OR(Topraklar!$J$25="Evet",AND(Topraklar!$L$25<>"Evet",Topraklar!$K$25<>Bitkiler!$C$3)),0,MAX(0,1-(Ayarlar!$B$2*ABS(Bitkiler!$D$3-Topraklar!$D$25)+Ayarlar!$B$3*ABS(Bitkiler!$E$3-Topraklar!$E$25)+Ayarlar!$B$4*ABS(Bitkiler!$F$3-Topraklar!$F$25)+Ayarlar!$B$5*ABS(Bitkiler!$G$3-Topraklar!$G$25)+Ayarlar!$B$6*IF(Bitkiler!$H$3=Topraklar!$H$25,0,1))/Ayarlar!$B$7)+IF(Topraklar!$K$25=Bitkiler!$C$3,0.002,IF(Topraklar!$L$25="Evet",0.001,0))) | Z4: =IF(OR(Topraklar!$J$26="Evet",AND(Topraklar!$L$26<>"Evet",Topraklar!$K$26<>Bitkiler!$C$3)),0,MAX(0,1-(Ayarlar!$B$2*ABS(Bitkiler!$D$3-Topraklar!$D$26)+Ayarlar!$B$3*ABS(Bitkiler!$E$3-Topraklar!$E$26)+Ayarlar!$B$4*ABS(Bitkiler!$F$3-Topraklar!$F$26)+Ayarlar!$B$5*ABS(Bitkiler!$G$3-Topraklar!$G$26)+Ayarlar!$B$6*IF(Bitkiler!$H$3=Topraklar!$H$26,0,1))/Ayarlar!$B$7)+IF(Topraklar!$K$26=Bitkiler!$C$3,0.002,IF(Topraklar!$L$26="Evet",0.001,0))) | AA4: =IF(OR(Topraklar!$J$27="Evet",AND(Topraklar!$L$27<>"Evet",Topraklar!$K$27<>Bitkiler!$C$3)),0,MAX(0,1-(Ayarlar!$B$2*ABS(Bitkiler!$D$3-Topraklar!$D$27)+Ayarlar!$B$3*ABS(Bitkiler!$E$3-Topraklar!$E$27)+Ayarlar!$B$4*ABS(Bitkiler!$F$3-Topraklar!$F$27)+Ayarlar!$B$5*ABS(Bitkiler!$G$3-Topraklar!$G$27)+Ayarlar!$B$6*IF(Bitkiler!$H$3=Topraklar!$H$27,0,1))/Ayarlar!$B$7)+IF(Topraklar!$K$27=Bitkiler!$C$3,0.002,IF(Topraklar!$L$27="Evet",0.001,0))) | AB4: =IF(OR(Topraklar!$J$28="Evet",AND(Topraklar!$L$28<>"Evet",Topraklar!$K$28<>Bitkiler!$C$3)),0,MAX(0,1-(Ayarlar!$B$2*ABS(Bitkiler!$D$3-Topraklar!$D$28)+Ayarlar!$B$3*ABS(Bitkiler!$E$3-Topraklar!$E$28)+Ayarlar!$B$4*ABS(Bitkiler!$F$3-Topraklar!$F$28)+Ayarlar!$B$5*ABS(Bitkiler!$G$3-Topraklar!$G$28)+Ayarlar!$B$6*IF(Bitkiler!$H$3=Topraklar!$H$28,0,1))/Ayarlar!$B$7)+IF(Topraklar!$K$28=Bitkiler!$C$3,0.002,IF(Topraklar!$L$28="Evet",0.001,0))) | AC4: =IF(OR(Topraklar!$J$29="Evet",AND(Topraklar!$L$29<>"Evet",Topraklar!$K$29<>Bitkiler!$C$3)),0,MAX(0,1-(Ayarlar!$B$2*ABS(Bitkiler!$D$3-Topraklar!$D$29)+Ayarlar!$B$3*ABS(Bitkiler!$E$3-Topraklar!$E$29)+Ayarlar!$B$4*ABS(Bitkiler!$F$3-Topraklar!$F$29)+Ayarlar!$B$5*ABS(Bitkiler!$G$3-Topraklar!$G$29)+Ayarlar!$B$6*IF(Bitkiler!$H$3=Topraklar!$H$29,0,1))/Ayarlar!$B$7)+IF(Topraklar!$K$29=Bitkiler!$C$3,0.002,IF(Topraklar!$L$29="Evet",0.001,0))) | AD4: =IF(OR(Topraklar!$J$30="Evet",AND(Topraklar!$L$30<>"Evet",Topraklar!$K$30<>Bitkiler!$C$3)),0,MAX(0,1-(Ayarlar!$B$2*ABS(Bitkiler!$D$3-Topraklar!$D$30)+Ayarlar!$B$3*ABS(Bitkiler!$E$3-Topraklar!$E$30)+Ayarlar!$B$4*ABS(Bitkiler!$F$3-Topraklar!$F$30)+Ayarlar!$B$5*ABS(Bitkiler!$G$3-Topraklar!$G$30)+Ayarlar!$B$6*IF(Bitkiler!$H$3=Topraklar!$H$30,0,1))/Ayarlar!$B$7)+IF(Topraklar!$K$30=Bitkiler!$C$3,0.002,IF(Topraklar!$L$30="Evet",0.001,0))) | AE4: =IF(OR(Topraklar!$J$31="Evet",AND(Topraklar!$L$31<>"Evet",Topraklar!$K$31<>Bitkiler!$C$3)),0,MAX(0,1-(Ayarlar!$B$2*ABS(Bitkiler!$D$3-Topraklar!$D$31)+Ayarlar!$B$3*ABS(Bitkiler!$E$3-Topraklar!$E$31)+Ayarlar!$B$4*ABS(Bitkiler!$F$3-Topraklar!$F$31)+Ayarlar!$B$5*ABS(Bitkiler!$G$3-Topraklar!$G$31)+Ayarlar!$B$6*IF(Bitkiler!$H$3=Topraklar!$H$31,0,1))/Ayarlar!$B$7)+IF(Topraklar!$K$31=Bitkiler!$C$3,0.002,IF(Topraklar!$L$31="Evet",0.001,0))) | AF4: =IF(OR(Topraklar!$J$32="Evet",AND(Topraklar!$L$32<>"Evet",Topraklar!$K$32<>Bitkiler!$C$3)),0,MAX(0,1-(Ayarlar!$B$2*ABS(Bitkiler!$D$3-Topraklar!$D$32)+Ayarlar!$B$3*ABS(Bitkiler!$E$3-Topraklar!$E$32)+Ayarlar!$B$4*ABS(Bitkiler!$F$3-Topraklar!$F$32)+Ayarlar!$B$5*ABS(Bitkiler!$G$3-Topraklar!$G$32)+Ayarlar!$B$6*IF(Bitkiler!$H$3=Topraklar!$H$32,0,1))/Ayarlar!$B$7)+IF(Topraklar!$K$32=Bitkiler!$C$3,0.002,IF(Topraklar!$L$32="Evet",0.001,0))) | AG4: =IF(OR(Topraklar!$J$33="Evet",AND(Topraklar!$L$33<>"Evet",Topraklar!$K$33<>Bitkiler!$C$3)),0,MAX(0,1-(Ayarlar!$B$2*ABS(Bitkiler!$D$3-Topraklar!$D$33)+Ayarlar!$B$3*ABS(Bitkiler!$E$3-Topraklar!$E$33)+Ayarlar!$B$4*ABS(Bitkiler!$F$3-Topraklar!$F$33)+Ayarlar!$B$5*ABS(Bitkiler!$G$3-Topraklar!$G$33)+Ayarlar!$B$6*IF(Bitkiler!$H$3=Topraklar!$H$33,0,1))/Ayarlar!$B$7)+IF(Topraklar!$K$33=Bitkiler!$C$3,0.002,IF(Topraklar!$L$33="Evet",0.001,0))) | AH4: =IF(OR(Topraklar!$J$34="Evet",AND(Topraklar!$L$34<>"Evet",Topraklar!$K$34<>Bitkiler!$C$3)),0,MAX(0,1-(Ayarlar!$B$2*ABS(Bitkiler!$D$3-Topraklar!$D$34)+Ayarlar!$B$3*ABS(Bitkiler!$E$3-Topraklar!$E$34)+Ayarlar!$B$4*ABS(Bitkiler!$F$3-Topraklar!$F$34)+Ayarlar!$B$5*ABS(Bitkiler!$G$3-Topraklar!$G$34)+Ayarlar!$B$6*IF(Bitkiler!$H$3=Topraklar!$H$34,0,1))/Ayarlar!$B$7)+IF(Topraklar!$K$34=Bitkiler!$C$3,0.002,IF(Topraklar!$L$34="Evet",0.001,0))) | AI4: =IF(OR(Topraklar!$J$35="Evet",AND(Topraklar!$L$35<>"Evet",Topraklar!$K$35<>Bitkiler!$C$3)),0,MAX(0,1-(Ayarlar!$B$2*ABS(Bitkiler!$D$3-Topraklar!$D$35)+Ayarlar!$B$3*ABS(Bitkiler!$E$3-Topraklar!$E$35)+Ayarlar!$B$4*ABS(Bitkiler!$F$3-Topraklar!$F$35)+Ayarlar!$B$5*ABS(Bitkiler!$G$3-Topraklar!$G$35)+Ayarlar!$B$6*IF(Bitkiler!$H$3=Topraklar!$H$35,0,1))/Ayarlar!$B$7)+IF(Topraklar!$K$35=Bitkiler!$C$3,0.002,IF(Topraklar!$L$35="Evet",0.001,0))) | AJ4: =IF(OR(Topraklar!$J$36="Evet",AND(Topraklar!$L$36<>"Evet",Topraklar!$K$36<>Bitkiler!$C$3)),0,MAX(0,1-(Ayarlar!$B$2*ABS(Bitkiler!$D$3-Topraklar!$D$36)+Ayarlar!$B$3*ABS(Bitkiler!$E$3-Topraklar!$E$36)+Ayarlar!$B$4*ABS(Bitkiler!$F$3-Topraklar!$F$36)+Ayarlar!$B$5*ABS(Bitkiler!$G$3-Topraklar!$G$36)+Ayarlar!$B$6*IF(Bitkiler!$H$3=Topraklar!$H$36,0,1))/Ayarlar!$B$7)+IF(Topraklar!$K$36=Bitkiler!$C$3,0.002,IF(Topraklar!$L$36="Evet",0.001,0))) | AK4: =IF(OR(Topraklar!$J$37="Evet",AND(Topraklar!$L$37<>"Evet",Topraklar!$K$37<>Bitkiler!$C$3)),0,MAX(0,1-(Ayarlar!$B$2*ABS(Bitkiler!$D$3-Topraklar!$D$37)+Ayarlar!$B$3*ABS(Bitkiler!$E$3-Topraklar!$E$37)+Ayarlar!$B$4*ABS(Bitkiler!$F$3-Topraklar!$F$37)+Ayarlar!$B$5*ABS(Bitkiler!$G$3-Topraklar!$G$37)+Ayarlar!$B$6*IF(Bitkiler!$H$3=Topraklar!$H$37,0,1))/Ayarlar!$B$7)+IF(Topraklar!$K$37=Bitkiler!$C$3,0.002,IF(Topraklar!$L$37="Evet",0.001,0))) | AL4: =IF(OR(Topraklar!$J$38="Evet",AND(Topraklar!$L$38<>"Evet",Topraklar!$K$38<>Bitkiler!$C$3)),0,MAX(0,1-(Ayarlar!$B$2*ABS(Bitkiler!$D$3-Topraklar!$D$38)+Ayarlar!$B$3*ABS(Bitkiler!$E$3-Topraklar!$E$38)+Ayarlar!$B$4*ABS(Bitkiler!$F$3-Topraklar!$F$38)+Ayarlar!$B$5*ABS(Bitkiler!$G$3-Topraklar!$G$38)+Ayarlar!$B$6*IF(Bitkiler!$H$3=Topraklar!$H$38,0,1))/Ayarlar!$B$7)+IF(Topraklar!$K$38=Bitkiler!$C$3,0.002,IF(Topraklar!$L$38="Evet",0.001,0))) | AM4: =IF(OR(Topraklar!$J$39="Evet",AND(Topraklar!$L$39<>"Evet",Topraklar!$K$39<>Bitkiler!$C$3)),0,MAX(0,1-(Ayarlar!$B$2*ABS(Bitkiler!$D$3-Topraklar!$D$39)+Ayarlar!$B$3*ABS(Bitkiler!$E$3-Topraklar!$E$39)+Ayarlar!$B$4*ABS(Bitkiler!$F$3-Topraklar!$F$39)+Ayarlar!$B$5*ABS(Bitkiler!$G$3-Topraklar!$G$39)+Ayarlar!$B$6*IF(Bitkiler!$H$3=Topraklar!$H$39,0,1))/Ayarlar!$B$7)+IF(Topraklar!$K$39=Bitkiler!$C$3,0.002,IF(Topraklar!$L$39="Evet",0.001,0))) | AN4: =IF(OR(Topraklar!$J$40="Evet",AND(Topraklar!$L$40<>"Evet",Topraklar!$K$40<>Bitkiler!$C$3)),0,MAX(0,1-(Ayarlar!$B$2*ABS(Bitkiler!$D$3-Topraklar!$D$40)+Ayarlar!$B$3*ABS(Bitkiler!$E$3-Topraklar!$E$40)+Ayarlar!$B$4*ABS(Bitkiler!$F$3-Topraklar!$F$40)+Ayarlar!$B$5*ABS(Bitkiler!$G$3-Topraklar!$G$40)+Ayarlar!$B$6*IF(Bitkiler!$H$3=Topraklar!$H$40,0,1))/Ayarlar!$B$7)+IF(Topraklar!$K$40=Bitkiler!$C$3,0.002,IF(Topraklar!$L$40="Evet",0.001,0))) | AO4: =IF(OR(Topraklar!$J$41="Evet",AND(Topraklar!$L$41<>"Evet",Topraklar!$K$41<>Bitkiler!$C$3)),0,MAX(0,1-(Ayarlar!$B$2*ABS(Bitkiler!$D$3-Topraklar!$D$41)+Ayarlar!$B$3*ABS(Bitkiler!$E$3-Topraklar!$E$41)+Ayarlar!$B$4*ABS(Bitkiler!$F$3-Topraklar!$F$41)+Ayarlar!$B$5*ABS(Bitkiler!$G$3-Topraklar!$G$41)+Ayarlar!$B$6*IF(Bitkiler!$H$3=Topraklar!$H$41,0,1))/Ayarlar!$B$7)+IF(Topraklar!$K$41=Bitkiler!$C$3,0.002,IF(Topraklar!$L$41="Evet",0.001,0))) | AP4: =IF(OR(Topraklar!$J$42="Evet",AND(Topraklar!$L$42<>"Evet",Topraklar!$K$42<>Bitkiler!$C$3)),0,MAX(0,1-(Ayarlar!$B$2*ABS(Bitkiler!$D$3-Topraklar!$D$42)+Ayarlar!$B$3*ABS(Bitkiler!$E$3-Topraklar!$E$42)+Ayarlar!$B$4*ABS(Bitkiler!$F$3-Topraklar!$F$42)+Ayarlar!$B$5*ABS(Bitkiler!$G$3-Topraklar!$G$42)+Ayarlar!$B$6*IF(Bitkiler!$H$3=Topraklar!$H$42,0,1))/Ayarlar!$B$7)+IF(Topraklar!$K$42=Bitkiler!$C$3,0.002,IF(Topraklar!$L$42="Evet",0.001,0))) | AQ4: =IF(OR(Topraklar!$J$43="Evet",AND(Topraklar!$L$43<>"Evet",Topraklar!$K$43<>Bitkiler!$C$3)),0,MAX(0,1-(Ayarlar!$B$2*ABS(Bitkiler!$D$3-Topraklar!$D$43)+Ayarlar!$B$3*ABS(Bitkiler!$E$3-Topraklar!$E$43)+Ayarlar!$B$4*ABS(Bitkiler!$F$3-Topraklar!$F$43)+Ayarlar!$B$5*ABS(Bitkiler!$G$3-Topraklar!$G$43)+Ayarlar!$B$6*IF(Bitkiler!$H$3=Topraklar!$H$43,0,1))/Ayarlar!$B$7)+IF(Topraklar!$K$43=Bitkiler!$C$3,0.002,IF(Topraklar!$L$43="Evet",0.001,0))) | AR4: =IF(OR(Topraklar!$J$44="Evet",AND(Topraklar!$L$44<>"Evet",Topraklar!$K$44<>Bitkiler!$C$3)),0,MAX(0,1-(Ayarlar!$B$2*ABS(Bitkiler!$D$3-Topraklar!$D$44)+Ayarlar!$B$3*ABS(Bitkiler!$E$3-Topraklar!$E$44)+Ayarlar!$B$4*ABS(Bitkiler!$F$3-Topraklar!$F$44)+Ayarlar!$B$5*ABS(Bitkiler!$G$3-Topraklar!$G$44)+Ayarlar!$B$6*IF(Bitkiler!$H$3=Topraklar!$H$44,0,1))/Ayarlar!$B$7)+IF(Topraklar!$K$44=Bitkiler!$C$3,0.002,IF(Topraklar!$L$44="Evet",0.001,0))) | AS4: =IF(OR(Topraklar!$J$45="Evet",AND(Topraklar!$L$45<>"Evet",Topraklar!$K$45<>Bitkiler!$C$3)),0,MAX(0,1-(Ayarlar!$B$2*ABS(Bitkiler!$D$3-Topraklar!$D$45)+Ayarlar!$B$3*ABS(Bitkiler!$E$3-Topraklar!$E$45)+Ayarlar!$B$4*ABS(Bitkiler!$F$3-Topraklar!$F$45)+Ayarlar!$B$5*ABS(Bitkiler!$G$3-Topraklar!$G$45)+Ayarlar!$B$6*IF(Bitkiler!$H$3=Topraklar!$H$45,0,1))/Ayarlar!$B$7)+IF(Topraklar!$K$45=Bitkiler!$C$3,0.002,IF(Topraklar!$L$45="Evet",0.001,0))) | AT4: =IF(OR(Topraklar!$J$46="Evet",AND(Topraklar!$L$46<>"Evet",Topraklar!$K$46<>Bitkiler!$C$3)),0,MAX(0,1-(Ayarlar!$B$2*ABS(Bitkiler!$D$3-Topraklar!$D$46)+Ayarlar!$B$3*ABS(Bitkiler!$E$3-Topraklar!$E$46)+Ayarlar!$B$4*ABS(Bitkiler!$F$3-Topraklar!$F$46)+Ayarlar!$B$5*ABS(Bitkiler!$G$3-Topraklar!$G$46)+Ayarlar!$B$6*IF(Bitkiler!$H$3=Topraklar!$H$46,0,1))/Ayarlar!$B$7)+IF(Topraklar!$K$46=Bitkiler!$C$3,0.002,IF(Topraklar!$L$46="Evet",0.001,0))) | AU4: =IF(OR(Topraklar!$J$47="Evet",AND(Topraklar!$L$47<>"Evet",Topraklar!$K$47<>Bitkiler!$C$3)),0,MAX(0,1-(Ayarlar!$B$2*ABS(Bitkiler!$D$3-Topraklar!$D$47)+Ayarlar!$B$3*ABS(Bitkiler!$E$3-Topraklar!$E$47)+Ayarlar!$B$4*ABS(Bitkiler!$F$3-Topraklar!$F$47)+Ayarlar!$B$5*ABS(Bitkiler!$G$3-Topraklar!$G$47)+Ayarlar!$B$6*IF(Bitkiler!$H$3=Topraklar!$H$47,0,1))/Ayarlar!$B$7)+IF(Topraklar!$K$47=Bitkiler!$C$3,0.002,IF(Topraklar!$L$47="Evet",0.001,0))) | AV4: =IF(OR(Topraklar!$J$48="Evet",AND(Topraklar!$L$48<>"Evet",Topraklar!$K$48<>Bitkiler!$C$3)),0,MAX(0,1-(Ayarlar!$B$2*ABS(Bitkiler!$D$3-Topraklar!$D$48)+Ayarlar!$B$3*ABS(Bitkiler!$E$3-Topraklar!$E$48)+Ayarlar!$B$4*ABS(Bitkiler!$F$3-Topraklar!$F$48)+Ayarlar!$B$5*ABS(Bitkiler!$G$3-Topraklar!$G$48)+Ayarlar!$B$6*IF(Bitkiler!$H$3=Topraklar!$H$48,0,1))/Ayarlar!$B$7)+IF(Topraklar!$K$48=Bitkiler!$C$3,0.002,IF(Topraklar!$L$48="Evet",0.001,0))) | AW4: =IF(OR(Topraklar!$J$49="Evet",AND(Topraklar!$L$49<>"Evet",Topraklar!$K$49<>Bitkiler!$C$3)),0,MAX(0,1-(Ayarlar!$B$2*ABS(Bitkiler!$D$3-Topraklar!$D$49)+Ayarlar!$B$3*ABS(Bitkiler!$E$3-Topraklar!$E$49)+Ayarlar!$B$4*ABS(Bitkiler!$F$3-Topraklar!$F$49)+Ayarlar!$B$5*ABS(Bitkiler!$G$3-Topraklar!$G$49)+Ayarlar!$B$6*IF(Bitkiler!$H$3=Topraklar!$H$49,0,1))/Ayarlar!$B$7)+IF(Topraklar!$K$49=Bitkiler!$C$3,0.002,IF(Topraklar!$L$49="Evet",0.001,0))) | AX4: =IF(OR(Topraklar!$J$50="Evet",AND(Topraklar!$L$50<>"Evet",Topraklar!$K$50<>Bitkiler!$C$3)),0,MAX(0,1-(Ayarlar!$B$2*ABS(Bitkiler!$D$3-Topraklar!$D$50)+Ayarlar!$B$3*ABS(Bitkiler!$E$3-Topraklar!$E$50)+Ayarlar!$B$4*ABS(Bitkiler!$F$3-Topraklar!$F$50)+Ayarlar!$B$5*ABS(Bitkiler!$G$3-Topraklar!$G$50)+Ayarlar!$B$6*IF(Bitkiler!$H$3=Topraklar!$H$50,0,1))/Ayarlar!$B$7)+IF(Topraklar!$K$50=Bitkiler!$C$3,0.002,IF(Topraklar!$L$50="Evet",0.001,0))) | AY4: =IF(OR(Topraklar!$J$51="Evet",AND(Topraklar!$L$51<>"Evet",Topraklar!$K$51<>Bitkiler!$C$3)),0,MAX(0,1-(Ayarlar!$B$2*ABS(Bitkiler!$D$3-Topraklar!$D$51)+Ayarlar!$B$3*ABS(Bitkiler!$E$3-Topraklar!$E$51)+Ayarlar!$B$4*ABS(Bitkiler!$F$3-Topraklar!$F$51)+Ayarlar!$B$5*ABS(Bitkiler!$G$3-Topraklar!$G$51)+Ayarlar!$B$6*IF(Bitkiler!$H$3=Topraklar!$H$51,0,1))/Ayarlar!$B$7)+IF(Topraklar!$K$51=Bitkiler!$C$3,0.002,IF(Topraklar!$L$51="Evet",0.001,0)))
A5: =Bitkiler!A4 | B5: =IF(OR(Topraklar!$J$2="Evet",AND(Topraklar!$L$2<>"Evet",Topraklar!$K$2<>Bitkiler!$C$4)),0,MAX(0,1-(Ayarlar!$B$2*ABS(Bitkiler!$D$4-Topraklar!$D$2)+Ayarlar!$B$3*ABS(Bitkiler!$E$4-Topraklar!$E$2)+Ayarlar!$B$4*ABS(Bitkiler!$F$4-Topraklar!$F$2)+Ayarlar!$B$5*ABS(Bitkiler!$G$4-Topraklar!$G$2)+Ayarlar!$B$6*IF(Bitkiler!$H$4=Topraklar!$H$2,0,1))/Ayarlar!$B$7)+IF(Topraklar!$K$2=Bitkiler!$C$4,0.002,IF(Topraklar!$L$2="Evet",0.001,0))) | C5: =IF(OR(Topraklar!$J$3="Evet",AND(Topraklar!$L$3<>"Evet",Topraklar!$K$3<>Bitkiler!$C$4)),0,MAX(0,1-(Ayarlar!$B$2*ABS(Bitkiler!$D$4-Topraklar!$D$3)+Ayarlar!$B$3*ABS(Bitkiler!$E$4-Topraklar!$E$3)+Ayarlar!$B$4*ABS(Bitkiler!$F$4-Topraklar!$F$3)+Ayarlar!$B$5*ABS(Bitkiler!$G$4-Topraklar!$G$3)+Ayarlar!$B$6*IF(Bitkiler!$H$4=Topraklar!$H$3,0,1))/Ayarlar!$B$7)+IF(Topraklar!$K$3=Bitkiler!$C$4,0.002,IF(Topraklar!$L$3="Evet",0.001,0))) | D5: =IF(OR(Topraklar!$J$4="Evet",AND(Topraklar!$L$4<>"Evet",Topraklar!$K$4<>Bitkiler!$C$4)),0,MAX(0,1-(Ayarlar!$B$2*ABS(Bitkiler!$D$4-Topraklar!$D$4)+Ayarlar!$B$3*ABS(Bitkiler!$E$4-Topraklar!$E$4)+Ayarlar!$B$4*ABS(Bitkiler!$F$4-Topraklar!$F$4)+Ayarlar!$B$5*ABS(Bitkiler!$G$4-Topraklar!$G$4)+Ayarlar!$B$6*IF(Bitkiler!$H$4=Topraklar!$H$4,0,1))/Ayarlar!$B$7)+IF(Topraklar!$K$4=Bitkiler!$C$4,0.002,IF(Topraklar!$L$4="Evet",0.001,0))) | E5: =IF(OR(Topraklar!$J$5="Evet",AND(Topraklar!$L$5<>"Evet",Topraklar!$K$5<>Bitkiler!$C$4)),0,MAX(0,1-(Ayarlar!$B$2*ABS(Bitkiler!$D$4-Topraklar!$D$5)+Ayarlar!$B$3*ABS(Bitkiler!$E$4-Topraklar!$E$5)+Ayarlar!$B$4*ABS(Bitkiler!$F$4-Topraklar!$F$5)+Ayarlar!$B$5*ABS(Bitkiler!$G$4-Topraklar!$G$5)+Ayarlar!$B$6*IF(Bitkiler!$H$4=Topraklar!$H$5,0,1))/Ayarlar!$B$7)+IF(Topraklar!$K$5=Bitkiler!$C$4,0.002,IF(Topraklar!$L$5="Evet",0.001,0))) | F5: =IF(OR(Topraklar!$J$6="Evet",AND(Topraklar!$L$6<>"Evet",Topraklar!$K$6<>Bitkiler!$C$4)),0,MAX(0,1-(Ayarlar!$B$2*ABS(Bitkiler!$D$4-Topraklar!$D$6)+Ayarlar!$B$3*ABS(Bitkiler!$E$4-Topraklar!$E$6)+Ayarlar!$B$4*ABS(Bitkiler!$F$4-Topraklar!$F$6)+Ayarlar!$B$5*ABS(Bitkiler!$G$4-Topraklar!$G$6)+Ayarlar!$B$6*IF(Bitkiler!$H$4=Topraklar!$H$6,0,1))/Ayarlar!$B$7)+IF(Topraklar!$K$6=Bitkiler!$C$4,0.002,IF(Topraklar!$L$6="Evet",0.001,0))) | G5: =IF(OR(Topraklar!$J$7="Evet",AND(Topraklar!$L$7<>"Evet",Topraklar!$K$7<>Bitkiler!$C$4)),0,MAX(0,1-(Ayarlar!$B$2*ABS(Bitkiler!$D$4-Topraklar!$D$7)+Ayarlar!$B$3*ABS(Bitkiler!$E$4-Topraklar!$E$7)+Ayarlar!$B$4*ABS(Bitkiler!$F$4-Topraklar!$F$7)+Ayarlar!$B$5*ABS(Bitkiler!$G$4-Topraklar!$G$7)+Ayarlar!$B$6*IF(Bitkiler!$H$4=Topraklar!$H$7,0,1))/Ayarlar!$B$7)+IF(Topraklar!$K$7=Bitkiler!$C$4,0.002,IF(Topraklar!$L$7="Evet",0.001,0))) | H5: =IF(OR(Topraklar!$J$8="Evet",AND(Topraklar!$L$8<>"Evet",Topraklar!$K$8<>Bitkiler!$C$4)),0,MAX(0,1-(Ayarlar!$B$2*ABS(Bitkiler!$D$4-Topraklar!$D$8)+Ayarlar!$B$3*ABS(Bitkiler!$E$4-Topraklar!$E$8)+Ayarlar!$B$4*ABS(Bitkiler!$F$4-Topraklar!$F$8)+Ayarlar!$B$5*ABS(Bitkiler!$G$4-Topraklar!$G$8)+Ayarlar!$B$6*IF(Bitkiler!$H$4=Topraklar!$H$8,0,1))/Ayarlar!$B$7)+IF(Topraklar!$K$8=Bitkiler!$C$4,0.002,IF(Topraklar!$L$8="Evet",0.001,0))) | I5: =IF(OR(Topraklar!$J$9="Evet",AND(Topraklar!$L$9<>"Evet",Topraklar!$K$9<>Bitkiler!$C$4)),0,MAX(0,1-(Ayarlar!$B$2*ABS(Bitkiler!$D$4-Topraklar!$D$9)+Ayarlar!$B$3*ABS(Bitkiler!$E$4-Topraklar!$E$9)+Ayarlar!$B$4*ABS(Bitkiler!$F$4-Topraklar!$F$9)+Ayarlar!$B$5*ABS(Bitkiler!$G$4-Topraklar!$G$9)+Ayarlar!$B$6*IF(Bitkiler!$H$4=Topraklar!$H$9,0,1))/Ayarlar!$B$7)+IF(Topraklar!$K$9=Bitkiler!$C$4,0.002,IF(Topraklar!$L$9="Evet",0.001,0))) | J5: =IF(OR(Topraklar!$J$10="Evet",AND(Topraklar!$L$10<>"Evet",Topraklar!$K$10<>Bitkiler!$C$4)),0,MAX(0,1-(Ayarlar!$B$2*ABS(Bitkiler!$D$4-Topraklar!$D$10)+Ayarlar!$B$3*ABS(Bitkiler!$E$4-Topraklar!$E$10)+Ayarlar!$B$4*ABS(Bitkiler!$F$4-Topraklar!$F$10)+Ayarlar!$B$5*ABS(Bitkiler!$G$4-Topraklar!$G$10)+Ayarlar!$B$6*IF(Bitkiler!$H$4=Topraklar!$H$10,0,1))/Ayarlar!$B$7)+IF(Topraklar!$K$10=Bitkiler!$C$4,0.002,IF(Topraklar!$L$10="Evet",0.001,0))) | K5: =IF(OR(Topraklar!$J$11="Evet",AND(Topraklar!$L$11<>"Evet",Topraklar!$K$11<>Bitkiler!$C$4)),0,MAX(0,1-(Ayarlar!$B$2*ABS(Bitkiler!$D$4-Topraklar!$D$11)+Ayarlar!$B$3*ABS(Bitkiler!$E$4-Topraklar!$E$11)+Ayarlar!$B$4*ABS(Bitkiler!$F$4-Topraklar!$F$11)+Ayarlar!$B$5*ABS(Bitkiler!$G$4-Topraklar!$G$11)+Ayarlar!$B$6*IF(Bitkiler!$H$4=Topraklar!$H$11,0,1))/Ayarlar!$B$7)+IF(Topraklar!$K$11=Bitkiler!$C$4,0.002,IF(Topraklar!$L$11="Evet",0.001,0))) | L5: =IF(OR(Topraklar!$J$12="Evet",AND(Topraklar!$L$12<>"Evet",Topraklar!$K$12<>Bitkiler!$C$4)),0,MAX(0,1-(Ayarlar!$B$2*ABS(Bitkiler!$D$4-Topraklar!$D$12)+Ayarlar!$B$3*ABS(Bitkiler!$E$4-Topraklar!$E$12)+Ayarlar!$B$4*ABS(Bitkiler!$F$4-Topraklar!$F$12)+Ayarlar!$B$5*ABS(Bitkiler!$G$4-Topraklar!$G$12)+Ayarlar!$B$6*IF(Bitkiler!$H$4=Topraklar!$H$12,0,1))/Ayarlar!$B$7)+IF(Topraklar!$K$12=Bitkiler!$C$4,0.002,IF(Topraklar!$L$12="Evet",0.001,0))) | M5: =IF(OR(Topraklar!$J$13="Evet",AND(Topraklar!$L$13<>"Evet",Topraklar!$K$13<>Bitkiler!$C$4)),0,MAX(0,1-(Ayarlar!$B$2*ABS(Bitkiler!$D$4-Topraklar!$D$13)+Ayarlar!$B$3*ABS(Bitkiler!$E$4-Topraklar!$E$13)+Ayarlar!$B$4*ABS(Bitkiler!$F$4-Topraklar!$F$13)+Ayarlar!$B$5*ABS(Bitkiler!$G$4-Topraklar!$G$13)+Ayarlar!$B$6*IF(Bitkiler!$H$4=Topraklar!$H$13,0,1))/Ayarlar!$B$7)+IF(Topraklar!$K$13=Bitkiler!$C$4,0.002,IF(Topraklar!$L$13="Evet",0.001,0))) | N5: =IF(OR(Topraklar!$J$14="Evet",AND(Topraklar!$L$14<>"Evet",Topraklar!$K$14<>Bitkiler!$C$4)),0,MAX(0,1-(Ayarlar!$B$2*ABS(Bitkiler!$D$4-Topraklar!$D$14)+Ayarlar!$B$3*ABS(Bitkiler!$E$4-Topraklar!$E$14)+Ayarlar!$B$4*ABS(Bitkiler!$F$4-Topraklar!$F$14)+Ayarlar!$B$5*ABS(Bitkiler!$G$4-Topraklar!$G$14)+Ayarlar!$B$6*IF(Bitkiler!$H$4=Topraklar!$H$14,0,1))/Ayarlar!$B$7)+IF(Topraklar!$K$14=Bitkiler!$C$4,0.002,IF(Topraklar!$L$14="Evet",0.001,0))) | O5: =IF(OR(Topraklar!$J$15="Evet",AND(Topraklar!$L$15<>"Evet",Topraklar!$K$15<>Bitkiler!$C$4)),0,MAX(0,1-(Ayarlar!$B$2*ABS(Bitkiler!$D$4-Topraklar!$D$15)+Ayarlar!$B$3*ABS(Bitkiler!$E$4-Topraklar!$E$15)+Ayarlar!$B$4*ABS(Bitkiler!$F$4-Topraklar!$F$15)+Ayarlar!$B$5*ABS(Bitkiler!$G$4-Topraklar!$G$15)+Ayarlar!$B$6*IF(Bitkiler!$H$4=Topraklar!$H$15,0,1))/Ayarlar!$B$7)+IF(Topraklar!$K$15=Bitkiler!$C$4,0.002,IF(Topraklar!$L$15="Evet",0.001,0))) | P5: =IF(OR(Topraklar!$J$16="Evet",AND(Topraklar!$L$16<>"Evet",Topraklar!$K$16<>Bitkiler!$C$4)),0,MAX(0,1-(Ayarlar!$B$2*ABS(Bitkiler!$D$4-Topraklar!$D$16)+Ayarlar!$B$3*ABS(Bitkiler!$E$4-Topraklar!$E$16)+Ayarlar!$B$4*ABS(Bitkiler!$F$4-Topraklar!$F$16)+Ayarlar!$B$5*ABS(Bitkiler!$G$4-Topraklar!$G$16)+Ayarlar!$B$6*IF(Bitkiler!$H$4=Topraklar!$H$16,0,1))/Ayarlar!$B$7)+IF(Topraklar!$K$16=Bitkiler!$C$4,0.002,IF(Topraklar!$L$16="Evet",0.001,0))) | Q5: =IF(OR(Topraklar!$J$17="Evet",AND(Topraklar!$L$17<>"Evet",Topraklar!$K$17<>Bitkiler!$C$4)),0,MAX(0,1-(Ayarlar!$B$2*ABS(Bitkiler!$D$4-Topraklar!$D$17)+Ayarlar!$B$3*ABS(Bitkiler!$E$4-Topraklar!$E$17)+Ayarlar!$B$4*ABS(Bitkiler!$F$4-Topraklar!$F$17)+Ayarlar!$B$5*ABS(Bitkiler!$G$4-Topraklar!$G$17)+Ayarlar!$B$6*IF(Bitkiler!$H$4=Topraklar!$H$17,0,1))/Ayarlar!$B$7)+IF(Topraklar!$K$17=Bitkiler!$C$4,0.002,IF(Topraklar!$L$17="Evet",0.001,0))) | R5: =IF(OR(Topraklar!$J$18="Evet",AND(Topraklar!$L$18<>"Evet",Topraklar!$K$18<>Bitkiler!$C$4)),0,MAX(0,1-(Ayarlar!$B$2*ABS(Bitkiler!$D$4-Topraklar!$D$18)+Ayarlar!$B$3*ABS(Bitkiler!$E$4-Topraklar!$E$18)+Ayarlar!$B$4*ABS(Bitkiler!$F$4-Topraklar!$F$18)+Ayarlar!$B$5*ABS(Bitkiler!$G$4-Topraklar!$G$18)+Ayarlar!$B$6*IF(Bitkiler!$H$4=Topraklar!$H$18,0,1))/Ayarlar!$B$7)+IF(Topraklar!$K$18=Bitkiler!$C$4,0.002,IF(Topraklar!$L$18="Evet",0.001,0))) | S5: =IF(OR(Topraklar!$J$19="Evet",AND(Topraklar!$L$19<>"Evet",Topraklar!$K$19<>Bitkiler!$C$4)),0,MAX(0,1-(Ayarlar!$B$2*ABS(Bitkiler!$D$4-Topraklar!$D$19)+Ayarlar!$B$3*ABS(Bitkiler!$E$4-Topraklar!$E$19)+Ayarlar!$B$4*ABS(Bitkiler!$F$4-Topraklar!$F$19)+Ayarlar!$B$5*ABS(Bitkiler!$G$4-Topraklar!$G$19)+Ayarlar!$B$6*IF(Bitkiler!$H$4=Topraklar!$H$19,0,1))/Ayarlar!$B$7)+IF(Topraklar!$K$19=Bitkiler!$C$4,0.002,IF(Topraklar!$L$19="Evet",0.001,0))) | T5: =IF(OR(Topraklar!$J$20="Evet",AND(Topraklar!$L$20<>"Evet",Topraklar!$K$20<>Bitkiler!$C$4)),0,MAX(0,1-(Ayarlar!$B$2*ABS(Bitkiler!$D$4-Topraklar!$D$20)+Ayarlar!$B$3*ABS(Bitkiler!$E$4-Topraklar!$E$20)+Ayarlar!$B$4*ABS(Bitkiler!$F$4-Topraklar!$F$20)+Ayarlar!$B$5*ABS(Bitkiler!$G$4-Topraklar!$G$20)+Ayarlar!$B$6*IF(Bitkiler!$H$4=Topraklar!$H$20,0,1))/Ayarlar!$B$7)+IF(Topraklar!$K$20=Bitkiler!$C$4,0.002,IF(Topraklar!$L$20="Evet",0.001,0))) | U5: =IF(OR(Topraklar!$J$21="Evet",AND(Topraklar!$L$21<>"Evet",Topraklar!$K$21<>Bitkiler!$C$4)),0,MAX(0,1-(Ayarlar!$B$2*ABS(Bitkiler!$D$4-Topraklar!$D$21)+Ayarlar!$B$3*ABS(Bitkiler!$E$4-Topraklar!$E$21)+Ayarlar!$B$4*ABS(Bitkiler!$F$4-Topraklar!$F$21)+Ayarlar!$B$5*ABS(Bitkiler!$G$4-Topraklar!$G$21)+Ayarlar!$B$6*IF(Bitkiler!$H$4=Topraklar!$H$21,0,1))/Ayarlar!$B$7)+IF(Topraklar!$K$21=Bitkiler!$C$4,0.002,IF(Topraklar!$L$21="Evet",0.001,0))) | V5: =IF(OR(Topraklar!$J$22="Evet",AND(Topraklar!$L$22<>"Evet",Topraklar!$K$22<>Bitkiler!$C$4)),0,MAX(0,1-(Ayarlar!$B$2*ABS(Bitkiler!$D$4-Topraklar!$D$22)+Ayarlar!$B$3*ABS(Bitkiler!$E$4-Topraklar!$E$22)+Ayarlar!$B$4*ABS(Bitkiler!$F$4-Topraklar!$F$22)+Ayarlar!$B$5*ABS(Bitkiler!$G$4-Topraklar!$G$22)+Ayarlar!$B$6*IF(Bitkiler!$H$4=Topraklar!$H$22,0,1))/Ayarlar!$B$7)+IF(Topraklar!$K$22=Bitkiler!$C$4,0.002,IF(Topraklar!$L$22="Evet",0.001,0))) | W5: =IF(OR(Topraklar!$J$23="Evet",AND(Topraklar!$L$23<>"Evet",Topraklar!$K$23<>Bitkiler!$C$4)),0,MAX(0,1-(Ayarlar!$B$2*ABS(Bitkiler!$D$4-Topraklar!$D$23)+Ayarlar!$B$3*ABS(Bitkiler!$E$4-Topraklar!$E$23)+Ayarlar!$B$4*ABS(Bitkiler!$F$4-Topraklar!$F$23)+Ayarlar!$B$5*ABS(Bitkiler!$G$4-Topraklar!$G$23)+Ayarlar!$B$6*IF(Bitkiler!$H$4=Topraklar!$H$23,0,1))/Ayarlar!$B$7)+IF(Topraklar!$K$23=Bitkiler!$C$4,0.002,IF(Topraklar!$L$23="Evet",0.001,0))) | X5: =IF(OR(Topraklar!$J$24="Evet",AND(Topraklar!$L$24<>"Evet",Topraklar!$K$24<>Bitkiler!$C$4)),0,MAX(0,1-(Ayarlar!$B$2*ABS(Bitkiler!$D$4-Topraklar!$D$24)+Ayarlar!$B$3*ABS(Bitkiler!$E$4-Topraklar!$E$24)+Ayarlar!$B$4*ABS(Bitkiler!$F$4-Topraklar!$F$24)+Ayarlar!$B$5*ABS(Bitkiler!$G$4-Topraklar!$G$24)+Ayarlar!$B$6*IF(Bitkiler!$H$4=Topraklar!$H$24,0,1))/Ayarlar!$B$7)+IF(Topraklar!$K$24=Bitkiler!$C$4,0.002,IF(Topraklar!$L$24="Evet",0.001,0))) | Y5: =IF(OR(Topraklar!$J$25="Evet",AND(Topraklar!$L$25<>"Evet",Topraklar!$K$25<>Bitkiler!$C$4)),0,MAX(0,1-(Ayarlar!$B$2*ABS(Bitkiler!$D$4-Topraklar!$D$25)+Ayarlar!$B$3*ABS(Bitkiler!$E$4-Topraklar!$E$25)+Ayarlar!$B$4*ABS(Bitkiler!$F$4-Topraklar!$F$25)+Ayarlar!$B$5*ABS(Bitkiler!$G$4-Topraklar!$G$25)+Ayarlar!$B$6*IF(Bitkiler!$H$4=Topraklar!$H$25,0,1))/Ayarlar!$B$7)+IF(Topraklar!$K$25=Bitkiler!$C$4,0.002,IF(Topraklar!$L$25="Evet",0.001,0))) | Z5: =IF(OR(Topraklar!$J$26="Evet",AND(Topraklar!$L$26<>"Evet",Topraklar!$K$26<>Bitkiler!$C$4)),0,MAX(0,1-(Ayarlar!$B$2*ABS(Bitkiler!$D$4-Topraklar!$D$26)+Ayarlar!$B$3*ABS(Bitkiler!$E$4-Topraklar!$E$26)+Ayarlar!$B$4*ABS(Bitkiler!$F$4-Topraklar!$F$26)+Ayarlar!$B$5*ABS(Bitkiler!$G$4-Topraklar!$G$26)+Ayarlar!$B$6*IF(Bitkiler!$H$4=Topraklar!$H$26,0,1))/Ayarlar!$B$7)+IF(Topraklar!$K$26=Bitkiler!$C$4,0.002,IF(Topraklar!$L$26="Evet",0.001,0))) | AA5: =IF(OR(Topraklar!$J$27="Evet",AND(Topraklar!$L$27<>"Evet",Topraklar!$K$27<>Bitkiler!$C$4)),0,MAX(0,1-(Ayarlar!$B$2*ABS(Bitkiler!$D$4-Topraklar!$D$27)+Ayarlar!$B$3*ABS(Bitkiler!$E$4-Topraklar!$E$27)+Ayarlar!$B$4*ABS(Bitkiler!$F$4-Topraklar!$F$27)+Ayarlar!$B$5*ABS(Bitkiler!$G$4-Topraklar!$G$27)+Ayarlar!$B$6*IF(Bitkiler!$H$4=Topraklar!$H$27,0,1))/Ayarlar!$B$7)+IF(Topraklar!$K$27=Bitkiler!$C$4,0.002,IF(Topraklar!$L$27="Evet",0.001,0))) | AB5: =IF(OR(Topraklar!$J$28="Evet",AND(Topraklar!$L$28<>"Evet",Topraklar!$K$28<>Bitkiler!$C$4)),0,MAX(0,1-(Ayarlar!$B$2*ABS(Bitkiler!$D$4-Topraklar!$D$28)+Ayarlar!$B$3*ABS(Bitkiler!$E$4-Topraklar!$E$28)+Ayarlar!$B$4*ABS(Bitkiler!$F$4-Topraklar!$F$28)+Ayarlar!$B$5*ABS(Bitkiler!$G$4-Topraklar!$G$28)+Ayarlar!$B$6*IF(Bitkiler!$H$4=Topraklar!$H$28,0,1))/Ayarlar!$B$7)+IF(Topraklar!$K$28=Bitkiler!$C$4,0.002,IF(Topraklar!$L$28="Evet",0.001,0))) | AC5: =IF(OR(Topraklar!$J$29="Evet",AND(Topraklar!$L$29<>"Evet",Topraklar!$K$29<>Bitkiler!$C$4)),0,MAX(0,1-(Ayarlar!$B$2*ABS(Bitkiler!$D$4-Topraklar!$D$29)+Ayarlar!$B$3*ABS(Bitkiler!$E$4-Topraklar!$E$29)+Ayarlar!$B$4*ABS(Bitkiler!$F$4-Topraklar!$F$29)+Ayarlar!$B$5*ABS(Bitkiler!$G$4-Topraklar!$G$29)+Ayarlar!$B$6*IF(Bitkiler!$H$4=Topraklar!$H$29,0,1))/Ayarlar!$B$7)+IF(Topraklar!$K$29=Bitkiler!$C$4,0.002,IF(Topraklar!$L$29="Evet",0.001,0))) | AD5: =IF(OR(Topraklar!$J$30="Evet",AND(Topraklar!$L$30<>"Evet",Topraklar!$K$30<>Bitkiler!$C$4)),0,MAX(0,1-(Ayarlar!$B$2*ABS(Bitkiler!$D$4-Topraklar!$D$30)+Ayarlar!$B$3*ABS(Bitkiler!$E$4-Topraklar!$E$30)+Ayarlar!$B$4*ABS(Bitkiler!$F$4-Topraklar!$F$30)+Ayarlar!$B$5*ABS(Bitkiler!$G$4-Topraklar!$G$30)+Ayarlar!$B$6*IF(Bitkiler!$H$4=Topraklar!$H$30,0,1))/Ayarlar!$B$7)+IF(Topraklar!$K$30=Bitkiler!$C$4,0.002,IF(Topraklar!$L$30="Evet",0.001,0))) | AE5: =IF(OR(Topraklar!$J$31="Evet",AND(Topraklar!$L$31<>"Evet",Topraklar!$K$31<>Bitkiler!$C$4)),0,MAX(0,1-(Ayarlar!$B$2*ABS(Bitkiler!$D$4-Topraklar!$D$31)+Ayarlar!$B$3*ABS(Bitkiler!$E$4-Topraklar!$E$31)+Ayarlar!$B$4*ABS(Bitkiler!$F$4-Topraklar!$F$31)+Ayarlar!$B$5*ABS(Bitkiler!$G$4-Topraklar!$G$31)+Ayarlar!$B$6*IF(Bitkiler!$H$4=Topraklar!$H$31,0,1))/Ayarlar!$B$7)+IF(Topraklar!$K$31=Bitkiler!$C$4,0.002,IF(Topraklar!$L$31="Evet",0.001,0))) | AF5: =IF(OR(Topraklar!$J$32="Evet",AND(Topraklar!$L$32<>"Evet",Topraklar!$K$32<>Bitkiler!$C$4)),0,MAX(0,1-(Ayarlar!$B$2*ABS(Bitkiler!$D$4-Topraklar!$D$32)+Ayarlar!$B$3*ABS(Bitkiler!$E$4-Topraklar!$E$32)+Ayarlar!$B$4*ABS(Bitkiler!$F$4-Topraklar!$F$32)+Ayarlar!$B$5*ABS(Bitkiler!$G$4-Topraklar!$G$32)+Ayarlar!$B$6*IF(Bitkiler!$H$4=Topraklar!$H$32,0,1))/Ayarlar!$B$7)+IF(Topraklar!$K$32=Bitkiler!$C$4,0.002,IF(Topraklar!$L$32="Evet",0.001,0))) | AG5: =IF(OR(Topraklar!$J$33="Evet",AND(Topraklar!$L$33<>"Evet",Topraklar!$K$33<>Bitkiler!$C$4)),0,MAX(0,1-(Ayarlar!$B$2*ABS(Bitkiler!$D$4-Topraklar!$D$33)+Ayarlar!$B$3*ABS(Bitkiler!$E$4-Topraklar!$E$33)+Ayarlar!$B$4*ABS(Bitkiler!$F$4-Topraklar!$F$33)+Ayarlar!$B$5*ABS(Bitkiler!$G$4-Topraklar!$G$33)+Ayarlar!$B$6*IF(Bitkiler!$H$4=Topraklar!$H$33,0,1))/Ayarlar!$B$7)+IF(Topraklar!$K$33=Bitkiler!$C$4,0.002,IF(Topraklar!$L$33="Evet",0.001,0))) | AH5: =IF(OR(Topraklar!$J$34="Evet",AND(Topraklar!$L$34<>"Evet",Topraklar!$K$34<>Bitkiler!$C$4)),0,MAX(0,1-(Ayarlar!$B$2*ABS(Bitkiler!$D$4-Topraklar!$D$34)+Ayarlar!$B$3*ABS(Bitkiler!$E$4-Topraklar!$E$34)+Ayarlar!$B$4*ABS(Bitkiler!$F$4-Topraklar!$F$34)+Ayarlar!$B$5*ABS(Bitkiler!$G$4-Topraklar!$G$34)+Ayarlar!$B$6*IF(Bitkiler!$H$4=Topraklar!$H$34,0,1))/Ayarlar!$B$7)+IF(Topraklar!$K$34=Bitkiler!$C$4,0.002,IF(Topraklar!$L$34="Evet",0.001,0))) | AI5: =IF(OR(Topraklar!$J$35="Evet",AND(Topraklar!$L$35<>"Evet",Topraklar!$K$35<>Bitkiler!$C$4)),0,MAX(0,1-(Ayarlar!$B$2*ABS(Bitkiler!$D$4-Topraklar!$D$35)+Ayarlar!$B$3*ABS(Bitkiler!$E$4-Topraklar!$E$35)+Ayarlar!$B$4*ABS(Bitkiler!$F$4-Topraklar!$F$35)+Ayarlar!$B$5*ABS(Bitkiler!$G$4-Topraklar!$G$35)+Ayarlar!$B$6*IF(Bitkiler!$H$4=Topraklar!$H$35,0,1))/Ayarlar!$B$7)+IF(Topraklar!$K$35=Bitkiler!$C$4,0.002,IF(Topraklar!$L$35="Evet",0.001,0))) | AJ5: =IF(OR(Topraklar!$J$36="Evet",AND(Topraklar!$L$36<>"Evet",Topraklar!$K$36<>Bitkiler!$C$4)),0,MAX(0,1-(Ayarlar!$B$2*ABS(Bitkiler!$D$4-Topraklar!$D$36)+Ayarlar!$B$3*ABS(Bitkiler!$E$4-Topraklar!$E$36)+Ayarlar!$B$4*ABS(Bitkiler!$F$4-Topraklar!$F$36)+Ayarlar!$B$5*ABS(Bitkiler!$G$4-Topraklar!$G$36)+Ayarlar!$B$6*IF(Bitkiler!$H$4=Topraklar!$H$36,0,1))/Ayarlar!$B$7)+IF(Topraklar!$K$36=Bitkiler!$C$4,0.002,IF(Topraklar!$L$36="Evet",0.001,0))) | AK5: =IF(OR(Topraklar!$J$37="Evet",AND(Topraklar!$L$37<>"Evet",Topraklar!$K$37<>Bitkiler!$C$4)),0,MAX(0,1-(Ayarlar!$B$2*ABS(Bitkiler!$D$4-Topraklar!$D$37)+Ayarlar!$B$3*ABS(Bitkiler!$E$4-Topraklar!$E$37)+Ayarlar!$B$4*ABS(Bitkiler!$F$4-Topraklar!$F$37)+Ayarlar!$B$5*ABS(Bitkiler!$G$4-Topraklar!$G$37)+Ayarlar!$B$6*IF(Bitkiler!$H$4=Topraklar!$H$37,0,1))/Ayarlar!$B$7)+IF(Topraklar!$K$37=Bitkiler!$C$4,0.002,IF(Topraklar!$L$37="Evet",0.001,0))) | AL5: =IF(OR(Topraklar!$J$38="Evet",AND(Topraklar!$L$38<>"Evet",Topraklar!$K$38<>Bitkiler!$C$4)),0,MAX(0,1-(Ayarlar!$B$2*ABS(Bitkiler!$D$4-Topraklar!$D$38)+Ayarlar!$B$3*ABS(Bitkiler!$E$4-Topraklar!$E$38)+Ayarlar!$B$4*ABS(Bitkiler!$F$4-Topraklar!$F$38)+Ayarlar!$B$5*ABS(Bitkiler!$G$4-Topraklar!$G$38)+Ayarlar!$B$6*IF(Bitkiler!$H$4=Topraklar!$H$38,0,1))/Ayarlar!$B$7)+IF(Topraklar!$K$38=Bitkiler!$C$4,0.002,IF(Topraklar!$L$38="Evet",0.001,0))) | AM5: =IF(OR(Topraklar!$J$39="Evet",AND(Topraklar!$L$39<>"Evet",Topraklar!$K$39<>Bitkiler!$C$4)),0,MAX(0,1-(Ayarlar!$B$2*ABS(Bitkiler!$D$4-Topraklar!$D$39)+Ayarlar!$B$3*ABS(Bitkiler!$E$4-Topraklar!$E$39)+Ayarlar!$B$4*ABS(Bitkiler!$F$4-Topraklar!$F$39)+Ayarlar!$B$5*ABS(Bitkiler!$G$4-Topraklar!$G$39)+Ayarlar!$B$6*IF(Bitkiler!$H$4=Topraklar!$H$39,0,1))/Ayarlar!$B$7)+IF(Topraklar!$K$39=Bitkiler!$C$4,0.002,IF(Topraklar!$L$39="Evet",0.001,0))) | AN5: =IF(OR(Topraklar!$J$40="Evet",AND(Topraklar!$L$40<>"Evet",Topraklar!$K$40<>Bitkiler!$C$4)),0,MAX(0,1-(Ayarlar!$B$2*ABS(Bitkiler!$D$4-Topraklar!$D$40)+Ayarlar!$B$3*ABS(Bitkiler!$E$4-Topraklar!$E$40)+Ayarlar!$B$4*ABS(Bitkiler!$F$4-Topraklar!$F$40)+Ayarlar!$B$5*ABS(Bitkiler!$G$4-Topraklar!$G$40)+Ayarlar!$B$6*IF(Bitkiler!$H$4=Topraklar!$H$40,0,1))/Ayarlar!$B$7)+IF(Topraklar!$K$40=Bitkiler!$C$4,0.002,IF(Topraklar!$L$40="Evet",0.001,0))) | AO5: =IF(OR(Topraklar!$J$41="Evet",AND(Topraklar!$L$41<>"Evet",Topraklar!$K$41<>Bitkiler!$C$4)),0,MAX(0,1-(Ayarlar!$B$2*ABS(Bitkiler!$D$4-Topraklar!$D$41)+Ayarlar!$B$3*ABS(Bitkiler!$E$4-Topraklar!$E$41)+Ayarlar!$B$4*ABS(Bitkiler!$F$4-Topraklar!$F$41)+Ayarlar!$B$5*ABS(Bitkiler!$G$4-Topraklar!$G$41)+Ayarlar!$B$6*IF(Bitkiler!$H$4=Topraklar!$H$41,0,1))/Ayarlar!$B$7)+IF(Topraklar!$K$41=Bitkiler!$C$4,0.002,IF(Topraklar!$L$41="Evet",0.001,0))) | AP5: =IF(OR(Topraklar!$J$42="Evet",AND(Topraklar!$L$42<>"Evet",Topraklar!$K$42<>Bitkiler!$C$4)),0,MAX(0,1-(Ayarlar!$B$2*ABS(Bitkiler!$D$4-Topraklar!$D$42)+Ayarlar!$B$3*ABS(Bitkiler!$E$4-Topraklar!$E$42)+Ayarlar!$B$4*ABS(Bitkiler!$F$4-Topraklar!$F$42)+Ayarlar!$B$5*ABS(Bitkiler!$G$4-Topraklar!$G$42)+Ayarlar!$B$6*IF(Bitkiler!$H$4=Topraklar!$H$42,0,1))/Ayarlar!$B$7)+IF(Topraklar!$K$42=Bitkiler!$C$4,0.002,IF(Topraklar!$L$42="Evet",0.001,0))) | AQ5: =IF(OR(Topraklar!$J$43="Evet",AND(Topraklar!$L$43<>"Evet",Topraklar!$K$43<>Bitkiler!$C$4)),0,MAX(0,1-(Ayarlar!$B$2*ABS(Bitkiler!$D$4-Topraklar!$D$43)+Ayarlar!$B$3*ABS(Bitkiler!$E$4-Topraklar!$E$43)+Ayarlar!$B$4*ABS(Bitkiler!$F$4-Topraklar!$F$43)+Ayarlar!$B$5*ABS(Bitkiler!$G$4-Topraklar!$G$43)+Ayarlar!$B$6*IF(Bitkiler!$H$4=Topraklar!$H$43,0,1))/Ayarlar!$B$7)+IF(Topraklar!$K$43=Bitkiler!$C$4,0.002,IF(Topraklar!$L$43="Evet",0.001,0))) | AR5: =IF(OR(Topraklar!$J$44="Evet",AND(Topraklar!$L$44<>"Evet",Topraklar!$K$44<>Bitkiler!$C$4)),0,MAX(0,1-(Ayarlar!$B$2*ABS(Bitkiler!$D$4-Topraklar!$D$44)+Ayarlar!$B$3*ABS(Bitkiler!$E$4-Topraklar!$E$44)+Ayarlar!$B$4*ABS(Bitkiler!$F$4-Topraklar!$F$44)+Ayarlar!$B$5*ABS(Bitkiler!$G$4-Topraklar!$G$44)+Ayarlar!$B$6*IF(Bitkiler!$H$4=Topraklar!$H$44,0,1))/Ayarlar!$B$7)+IF(Topraklar!$K$44=Bitkiler!$C$4,0.002,IF(Topraklar!$L$44="Evet",0.001,0))) | AS5: =IF(OR(Topraklar!$J$45="Evet",AND(Topraklar!$L$45<>"Evet",Topraklar!$K$45<>Bitkiler!$C$4)),0,MAX(0,1-(Ayarlar!$B$2*ABS(Bitkiler!$D$4-Topraklar!$D$45)+Ayarlar!$B$3*ABS(Bitkiler!$E$4-Topraklar!$E$45)+Ayarlar!$B$4*ABS(Bitkiler!$F$4-Topraklar!$F$45)+Ayarlar!$B$5*ABS(Bitkiler!$G$4-Topraklar!$G$45)+Ayarlar!$B$6*IF(Bitkiler!$H$4=Topraklar!$H$45,0,1))/Ayarlar!$B$7)+IF(Topraklar!$K$45=Bitkiler!$C$4,0.002,IF(Topraklar!$L$45="Evet",0.001,0))) | AT5: =IF(OR(Topraklar!$J$46="Evet",AND(Topraklar!$L$46<>"Evet",Topraklar!$K$46<>Bitkiler!$C$4)),0,MAX(0,1-(Ayarlar!$B$2*ABS(Bitkiler!$D$4-Topraklar!$D$46)+Ayarlar!$B$3*ABS(Bitkiler!$E$4-Topraklar!$E$46)+Ayarlar!$B$4*ABS(Bitkiler!$F$4-Topraklar!$F$46)+Ayarlar!$B$5*ABS(Bitkiler!$G$4-Topraklar!$G$46)+Ayarlar!$B$6*IF(Bitkiler!$H$4=Topraklar!$H$46,0,1))/Ayarlar!$B$7)+IF(Topraklar!$K$46=Bitkiler!$C$4,0.002,IF(Topraklar!$L$46="Evet",0.001,0))) | AU5: =IF(OR(Topraklar!$J$47="Evet",AND(Topraklar!$L$47<>"Evet",Topraklar!$K$47<>Bitkiler!$C$4)),0,MAX(0,1-(Ayarlar!$B$2*ABS(Bitkiler!$D$4-Topraklar!$D$47)+Ayarlar!$B$3*ABS(Bitkiler!$E$4-Topraklar!$E$47)+Ayarlar!$B$4*ABS(Bitkiler!$F$4-Topraklar!$F$47)+Ayarlar!$B$5*ABS(Bitkiler!$G$4-Topraklar!$G$47)+Ayarlar!$B$6*IF(Bitkiler!$H$4=Topraklar!$H$47,0,1))/Ayarlar!$B$7)+IF(Topraklar!$K$47=Bitkiler!$C$4,0.002,IF(Topraklar!$L$47="Evet",0.001,0))) | AV5: =IF(OR(Topraklar!$J$48="Evet",AND(Topraklar!$L$48<>"Evet",Topraklar!$K$48<>Bitkiler!$C$4)),0,MAX(0,1-(Ayarlar!$B$2*ABS(Bitkiler!$D$4-Topraklar!$D$48)+Ayarlar!$B$3*ABS(Bitkiler!$E$4-Topraklar!$E$48)+Ayarlar!$B$4*ABS(Bitkiler!$F$4-Topraklar!$F$48)+Ayarlar!$B$5*ABS(Bitkiler!$G$4-Topraklar!$G$48)+Ayarlar!$B$6*IF(Bitkiler!$H$4=Topraklar!$H$48,0,1))/Ayarlar!$B$7)+IF(Topraklar!$K$48=Bitkiler!$C$4,0.002,IF(Topraklar!$L$48="Evet",0.001,0))) | AW5: =IF(OR(Topraklar!$J$49="Evet",AND(Topraklar!$L$49<>"Evet",Topraklar!$K$49<>Bitkiler!$C$4)),0,MAX(0,1-(Ayarlar!$B$2*ABS(Bitkiler!$D$4-Topraklar!$D$49)+Ayarlar!$B$3*ABS(Bitkiler!$E$4-Topraklar!$E$49)+Ayarlar!$B$4*ABS(Bitkiler!$F$4-Topraklar!$F$49)+Ayarlar!$B$5*ABS(Bitkiler!$G$4-Topraklar!$G$49)+Ayarlar!$B$6*IF(Bitkiler!$H$4=Topraklar!$H$49,0,1))/Ayarlar!$B$7)+IF(Topraklar!$K$49=Bitkiler!$C$4,0.002,IF(Topraklar!$L$49="Evet",0.001,0))) | AX5: =IF(OR(Topraklar!$J$50="Evet",AND(Topraklar!$L$50<>"Evet",Topraklar!$K$50<>Bitkiler!$C$4)),0,MAX(0,1-(Ayarlar!$B$2*ABS(Bitkiler!$D$4-Topraklar!$D$50)+Ayarlar!$B$3*ABS(Bitkiler!$E$4-Topraklar!$E$50)+Ayarlar!$B$4*ABS(Bitkiler!$F$4-Topraklar!$F$50)+Ayarlar!$B$5*ABS(Bitkiler!$G$4-Topraklar!$G$50)+Ayarlar!$B$6*IF(Bitkiler!$H$4=Topraklar!$H$50,0,1))/Ayarlar!$B$7)+IF(Topraklar!$K$50=Bitkiler!$C$4,0.002,IF(Topraklar!$L$50="Evet",0.001,0))) | AY5: =IF(OR(Topraklar!$J$51="Evet",AND(Topraklar!$L$51<>"Evet",Topraklar!$K$51<>Bitkiler!$C$4)),0,MAX(0,1-(Ayarlar!$B$2*ABS(Bitkiler!$D$4-Topraklar!$D$51)+Ayarlar!$B$3*ABS(Bitkiler!$E$4-Topraklar!$E$51)+Ayarlar!$B$4*ABS(Bitkiler!$F$4-Topraklar!$F$51)+Ayarlar!$B$5*ABS(Bitkiler!$G$4-Topraklar!$G$51)+Ayarlar!$B$6*IF(Bitkiler!$H$4=Topraklar!$H$51,0,1))/Ayarlar!$B$7)+IF(Topraklar!$K$51=Bitkiler!$C$4,0.002,IF(Topraklar!$L$51="Evet",0.001,0)))
A6: =Bitkiler!A5 | B6: =IF(OR(Topraklar!$J$2="Evet",AND(Topraklar!$L$2<>"Evet",Topraklar!$K$2<>Bitkiler!$C$5)),0,MAX(0,1-(Ayarlar!$B$2*ABS(Bitkiler!$D$5-Topraklar!$D$2)+Ayarlar!$B$3*ABS(Bitkiler!$E$5-Topraklar!$E$2)+Ayarlar!$B$4*ABS(Bitkiler!$F$5-Topraklar!$F$2)+Ayarlar!$B$5*ABS(Bitkiler!$G$5-Topraklar!$G$2)+Ayarlar!$B$6*IF(Bitkiler!$H$5=Topraklar!$H$2,0,1))/Ayarlar!$B$7)+IF(Topraklar!$K$2=Bitkiler!$C$5,0.002,IF(Topraklar!$L$2="Evet",0.001,0))) | C6: =IF(OR(Topraklar!$J$3="Evet",AND(Topraklar!$L$3<>"Evet",Topraklar!$K$3<>Bitkiler!$C$5)),0,MAX(0,1-(Ayarlar!$B$2*ABS(Bitkiler!$D$5-Topraklar!$D$3)+Ayarlar!$B$3*ABS(Bitkiler!$E$5-Topraklar!$E$3)+Ayarlar!$B$4*ABS(Bitkiler!$F$5-Topraklar!$F$3)+Ayarlar!$B$5*ABS(Bitkiler!$G$5-Topraklar!$G$3)+Ayarlar!$B$6*IF(Bitkiler!$H$5=Topraklar!$H$3,0,1))/Ayarlar!$B$7)+IF(Topraklar!$K$3=Bitkiler!$C$5,0.002,IF(Topraklar!$L$3="Evet",0.001,0))) | D6: =IF(OR(Topraklar!$J$4="Evet",AND(Topraklar!$L$4<>"Evet",Topraklar!$K$4<>Bitkiler!$C$5)),0,MAX(0,1-(Ayarlar!$B$2*ABS(Bitkiler!$D$5-Topraklar!$D$4)+Ayarlar!$B$3*ABS(Bitkiler!$E$5-Topraklar!$E$4)+Ayarlar!$B$4*ABS(Bitkiler!$F$5-Topraklar!$F$4)+Ayarlar!$B$5*ABS(Bitkiler!$G$5-Topraklar!$G$4)+Ayarlar!$B$6*IF(Bitkiler!$H$5=Topraklar!$H$4,0,1))/Ayarlar!$B$7)+IF(Topraklar!$K$4=Bitkiler!$C$5,0.002,IF(Topraklar!$L$4="Evet",0.001,0))) | E6: =IF(OR(Topraklar!$J$5="Evet",AND(Topraklar!$L$5<>"Evet",Topraklar!$K$5<>Bitkiler!$C$5)),0,MAX(0,1-(Ayarlar!$B$2*ABS(Bitkiler!$D$5-Topraklar!$D$5)+Ayarlar!$B$3*ABS(Bitkiler!$E$5-Topraklar!$E$5)+Ayarlar!$B$4*ABS(Bitkiler!$F$5-Topraklar!$F$5)+Ayarlar!$B$5*ABS(Bitkiler!$G$5-Topraklar!$G$5)+Ayarlar!$B$6*IF(Bitkiler!$H$5=Topraklar!$H$5,0,1))/Ayarlar!$B$7)+IF(Topraklar!$K$5=Bitkiler!$C$5,0.002,IF(Topraklar!$L$5="Evet",0.001,0))) | F6: =IF(OR(Topraklar!$J$6="Evet",AND(Topraklar!$L$6<>"Evet",Topraklar!$K$6<>Bitkiler!$C$5)),0,MAX(0,1-(Ayarlar!$B$2*ABS(Bitkiler!$D$5-Topraklar!$D$6)+Ayarlar!$B$3*ABS(Bitkiler!$E$5-Topraklar!$E$6)+Ayarlar!$B$4*ABS(Bitkiler!$F$5-Topraklar!$F$6)+Ayarlar!$B$5*ABS(Bitkiler!$G$5-Topraklar!$G$6)+Ayarlar!$B$6*IF(Bitkiler!$H$5=Topraklar!$H$6,0,1))/Ayarlar!$B$7)+IF(Topraklar!$K$6=Bitkiler!$C$5,0.002,IF(Topraklar!$L$6="Evet",0.001,0))) | G6: =IF(OR(Topraklar!$J$7="Evet",AND(Topraklar!$L$7<>"Evet",Topraklar!$K$7<>Bitkiler!$C$5)),0,MAX(0,1-(Ayarlar!$B$2*ABS(Bitkiler!$D$5-Topraklar!$D$7)+Ayarlar!$B$3*ABS(Bitkiler!$E$5-Topraklar!$E$7)+Ayarlar!$B$4*ABS(Bitkiler!$F$5-Topraklar!$F$7)+Ayarlar!$B$5*ABS(Bitkiler!$G$5-Topraklar!$G$7)+Ayarlar!$B$6*IF(Bitkiler!$H$5=Topraklar!$H$7,0,1))/Ayarlar!$B$7)+IF(Topraklar!$K$7=Bitkiler!$C$5,0.002,IF(Topraklar!$L$7="Evet",0.001,0))) | H6: =IF(OR(Topraklar!$J$8="Evet",AND(Topraklar!$L$8<>"Evet",Topraklar!$K$8<>Bitkiler!$C$5)),0,MAX(0,1-(Ayarlar!$B$2*ABS(Bitkiler!$D$5-Topraklar!$D$8)+Ayarlar!$B$3*ABS(Bitkiler!$E$5-Topraklar!$E$8)+Ayarlar!$B$4*ABS(Bitkiler!$F$5-Topraklar!$F$8)+Ayarlar!$B$5*ABS(Bitkiler!$G$5-Topraklar!$G$8)+Ayarlar!$B$6*IF(Bitkiler!$H$5=Topraklar!$H$8,0,1))/Ayarlar!$B$7)+IF(Topraklar!$K$8=Bitkiler!$C$5,0.002,IF(Topraklar!$L$8="Evet",0.001,0))) | I6: =IF(OR(Topraklar!$J$9="Evet",AND(Topraklar!$L$9<>"Evet",Topraklar!$K$9<>Bitkiler!$C$5)),0,MAX(0,1-(Ayarlar!$B$2*ABS(Bitkiler!$D$5-Topraklar!$D$9)+Ayarlar!$B$3*ABS(Bitkiler!$E$5-Topraklar!$E$9)+Ayarlar!$B$4*ABS(Bitkiler!$F$5-Topraklar!$F$9)+Ayarlar!$B$5*ABS(Bitkiler!$G$5-Topraklar!$G$9)+Ayarlar!$B$6*IF(Bitkiler!$H$5=Topraklar!$H$9,0,1))/Ayarlar!$B$7)+IF(Topraklar!$K$9=Bitkiler!$C$5,0.002,IF(Topraklar!$L$9="Evet",0.001,0))) | J6: =IF(OR(Topraklar!$J$10="Evet",AND(Topraklar!$L$10<>"Evet",Topraklar!$K$10<>Bitkiler!$C$5)),0,MAX(0,1-(Ayarlar!$B$2*ABS(Bitkiler!$D$5-Topraklar!$D$10)+Ayarlar!$B$3*ABS(Bitkiler!$E$5-Topraklar!$E$10)+Ayarlar!$B$4*ABS(Bitkiler!$F$5-Topraklar!$F$10)+Ayarlar!$B$5*ABS(Bitkiler!$G$5-Topraklar!$G$10)+Ayarlar!$B$6*IF(Bitkiler!$H$5=Topraklar!$H$10,0,1))/Ayarlar!$B$7)+IF(Topraklar!$K$10=Bitkiler!$C$5,0.002,IF(Topraklar!$L$10="Evet",0.001,0))) | K6: =IF(OR(Topraklar!$J$11="Evet",AND(Topraklar!$L$11<>"Evet",Topraklar!$K$11<>Bitkiler!$C$5)),0,MAX(0,1-(Ayarlar!$B$2*ABS(Bitkiler!$D$5-Topraklar!$D$11)+Ayarlar!$B$3*ABS(Bitkiler!$E$5-Topraklar!$E$11)+Ayarlar!$B$4*ABS(Bitkiler!$F$5-Topraklar!$F$11)+Ayarlar!$B$5*ABS(Bitkiler!$G$5-Topraklar!$G$11)+Ayarlar!$B$6*IF(Bitkiler!$H$5=Topraklar!$H$11,0,1))/Ayarlar!$B$7)+IF(Topraklar!$K$11=Bitkiler!$C$5,0.002,IF(Topraklar!$L$11="Evet",0.001,0))) | L6: =IF(OR(Topraklar!$J$12="Evet",AND(Topraklar!$L$12<>"Evet",Topraklar!$K$12<>Bitkiler!$C$5)),0,MAX(0,1-(Ayarlar!$B$2*ABS(Bitkiler!$D$5-Topraklar!$D$12)+Ayarlar!$B$3*ABS(Bitkiler!$E$5-Topraklar!$E$12)+Ayarlar!$B$4*ABS(Bitkiler!$F$5-Topraklar!$F$12)+Ayarlar!$B$5*ABS(Bitkiler!$G$5-Topraklar!$G$12)+Ayarlar!$B$6*IF(Bitkiler!$H$5=Topraklar!$H$12,0,1))/Ayarlar!$B$7)+IF(Topraklar!$K$12=Bitkiler!$C$5,0.002,IF(Topraklar!$L$12="Evet",0.001,0))) | M6: =IF(OR(Topraklar!$J$13="Evet",AND(Topraklar!$L$13<>"Evet",Topraklar!$K$13<>Bitkiler!$C$5)),0,MAX(0,1-(Ayarlar!$B$2*ABS(Bitkiler!$D$5-Topraklar!$D$13)+Ayarlar!$B$3*ABS(Bitkiler!$E$5-Topraklar!$E$13)+Ayarlar!$B$4*ABS(Bitkiler!$F$5-Topraklar!$F$13)+Ayarlar!$B$5*ABS(Bitkiler!$G$5-Topraklar!$G$13)+Ayarlar!$B$6*IF(Bitkiler!$H$5=Topraklar!$H$13,0,1))/Ayarlar!$B$7)+IF(Topraklar!$K$13=Bitkiler!$C$5,0.002,IF(Topraklar!$L$13="Evet",0.001,0))) | N6: =IF(OR(Topraklar!$J$14="Evet",AND(Topraklar!$L$14<>"Evet",Topraklar!$K$14<>Bitkiler!$C$5)),0,MAX(0,1-(Ayarlar!$B$2*ABS(Bitkiler!$D$5-Topraklar!$D$14)+Ayarlar!$B$3*ABS(Bitkiler!$E$5-Topraklar!$E$14)+Ayarlar!$B$4*ABS(Bitkiler!$F$5-Topraklar!$F$14)+Ayarlar!$B$5*ABS(Bitkiler!$G$5-Topraklar!$G$14)+Ayarlar!$B$6*IF(Bitkiler!$H$5=Topraklar!$H$14,0,1))/Ayarlar!$B$7)+IF(Topraklar!$K$14=Bitkiler!$C$5,0.002,IF(Topraklar!$L$14="Evet",0.001,0))) | O6: =IF(OR(Topraklar!$J$15="Evet",AND(Topraklar!$L$15<>"Evet",Topraklar!$K$15<>Bitkiler!$C$5)),0,MAX(0,1-(Ayarlar!$B$2*ABS(Bitkiler!$D$5-Topraklar!$D$15)+Ayarlar!$B$3*ABS(Bitkiler!$E$5-Topraklar!$E$15)+Ayarlar!$B$4*ABS(Bitkiler!$F$5-Topraklar!$F$15)+Ayarlar!$B$5*ABS(Bitkiler!$G$5-Topraklar!$G$15)+Ayarlar!$B$6*IF(Bitkiler!$H$5=Topraklar!$H$15,0,1))/Ayarlar!$B$7)+IF(Topraklar!$K$15=Bitkiler!$C$5,0.002,IF(Topraklar!$L$15="Evet",0.001,0))) | P6: =IF(OR(Topraklar!$J$16="Evet",AND(Topraklar!$L$16<>"Evet",Topraklar!$K$16<>Bitkiler!$C$5)),0,MAX(0,1-(Ayarlar!$B$2*ABS(Bitkiler!$D$5-Topraklar!$D$16)+Ayarlar!$B$3*ABS(Bitkiler!$E$5-Topraklar!$E$16)+Ayarlar!$B$4*ABS(Bitkiler!$F$5-Topraklar!$F$16)+Ayarlar!$B$5*ABS(Bitkiler!$G$5-Topraklar!$G$16)+Ayarlar!$B$6*IF(Bitkiler!$H$5=Topraklar!$H$16,0,1))/Ayarlar!$B$7)+IF(Topraklar!$K$16=Bitkiler!$C$5,0.002,IF(Topraklar!$L$16="Evet",0.001,0))) | Q6: =IF(OR(Topraklar!$J$17="Evet",AND(Topraklar!$L$17<>"Evet",Topraklar!$K$17<>Bitkiler!$C$5)),0,MAX(0,1-(Ayarlar!$B$2*ABS(Bitkiler!$D$5-Topraklar!$D$17)+Ayarlar!$B$3*ABS(Bitkiler!$E$5-Topraklar!$E$17)+Ayarlar!$B$4*ABS(Bitkiler!$F$5-Topraklar!$F$17)+Ayarlar!$B$5*ABS(Bitkiler!$G$5-Topraklar!$G$17)+Ayarlar!$B$6*IF(Bitkiler!$H$5=Topraklar!$H$17,0,1))/Ayarlar!$B$7)+IF(Topraklar!$K$17=Bitkiler!$C$5,0.002,IF(Topraklar!$L$17="Evet",0.001,0))) | R6: =IF(OR(Topraklar!$J$18="Evet",AND(Topraklar!$L$18<>"Evet",Topraklar!$K$18<>Bitkiler!$C$5)),0,MAX(0,1-(Ayarlar!$B$2*ABS(Bitkiler!$D$5-Topraklar!$D$18)+Ayarlar!$B$3*ABS(Bitkiler!$E$5-Topraklar!$E$18)+Ayarlar!$B$4*ABS(Bitkiler!$F$5-Topraklar!$F$18)+Ayarlar!$B$5*ABS(Bitkiler!$G$5-Topraklar!$G$18)+Ayarlar!$B$6*IF(Bitkiler!$H$5=Topraklar!$H$18,0,1))/Ayarlar!$B$7)+IF(Topraklar!$K$18=Bitkiler!$C$5,0.002,IF(Topraklar!$L$18="Evet",0.001,0))) | S6: =IF(OR(Topraklar!$J$19="Evet",AND(Topraklar!$L$19<>"Evet",Topraklar!$K$19<>Bitkiler!$C$5)),0,MAX(0,1-(Ayarlar!$B$2*ABS(Bitkiler!$D$5-Topraklar!$D$19)+Ayarlar!$B$3*ABS(Bitkiler!$E$5-Topraklar!$E$19)+Ayarlar!$B$4*ABS(Bitkiler!$F$5-Topraklar!$F$19)+Ayarlar!$B$5*ABS(Bitkiler!$G$5-Topraklar!$G$19)+Ayarlar!$B$6*IF(Bitkiler!$H$5=Topraklar!$H$19,0,1))/Ayarlar!$B$7)+IF(Topraklar!$K$19=Bitkiler!$C$5,0.002,IF(Topraklar!$L$19="Evet",0.001,0))) | T6: =IF(OR(Topraklar!$J$20="Evet",AND(Topraklar!$L$20<>"Evet",Topraklar!$K$20<>Bitkiler!$C$5)),0,MAX(0,1-(Ayarlar!$B$2*ABS(Bitkiler!$D$5-Topraklar!$D$20)+Ayarlar!$B$3*ABS(Bitkiler!$E$5-Topraklar!$E$20)+Ayarlar!$B$4*ABS(Bitkiler!$F$5-Topraklar!$F$20)+Ayarlar!$B$5*ABS(Bitkiler!$G$5-Topraklar!$G$20)+Ayarlar!$B$6*IF(Bitkiler!$H$5=Topraklar!$H$20,0,1))/Ayarlar!$B$7)+IF(Topraklar!$K$20=Bitkiler!$C$5,0.002,IF(Topraklar!$L$20="Evet",0.001,0))) | U6: =IF(OR(Topraklar!$J$21="Evet",AND(Topraklar!$L$21<>"Evet",Topraklar!$K$21<>Bitkiler!$C$5)),0,MAX(0,1-(Ayarlar!$B$2*ABS(Bitkiler!$D$5-Topraklar!$D$21)+Ayarlar!$B$3*ABS(Bitkiler!$E$5-Topraklar!$E$21)+Ayarlar!$B$4*ABS(Bitkiler!$F$5-Topraklar!$F$21)+Ayarlar!$B$5*ABS(Bitkiler!$G$5-Topraklar!$G$21)+Ayarlar!$B$6*IF(Bitkiler!$H$5=Topraklar!$H$21,0,1))/Ayarlar!$B$7)+IF(Topraklar!$K$21=Bitkiler!$C$5,0.002,IF(Topraklar!$L$21="Evet",0.001,0))) | V6: =IF(OR(Topraklar!$J$22="Evet",AND(Topraklar!$L$22<>"Evet",Topraklar!$K$22<>Bitkiler!$C$5)),0,MAX(0,1-(Ayarlar!$B$2*ABS(Bitkiler!$D$5-Topraklar!$D$22)+Ayarlar!$B$3*ABS(Bitkiler!$E$5-Topraklar!$E$22)+Ayarlar!$B$4*ABS(Bitkiler!$F$5-Topraklar!$F$22)+Ayarlar!$B$5*ABS(Bitkiler!$G$5-Topraklar!$G$22)+Ayarlar!$B$6*IF(Bitkiler!$H$5=Topraklar!$H$22,0,1))/Ayarlar!$B$7)+IF(Topraklar!$K$22=Bitkiler!$C$5,0.002,IF(Topraklar!$L$22="Evet",0.001,0))) | W6: =IF(OR(Topraklar!$J$23="Evet",AND(Topraklar!$L$23<>"Evet",Topraklar!$K$23<>Bitkiler!$C$5)),0,MAX(0,1-(Ayarlar!$B$2*ABS(Bitkiler!$D$5-Topraklar!$D$23)+Ayarlar!$B$3*ABS(Bitkiler!$E$5-Topraklar!$E$23)+Ayarlar!$B$4*ABS(Bitkiler!$F$5-Topraklar!$F$23)+Ayarlar!$B$5*ABS(Bitkiler!$G$5-Topraklar!$G$23)+Ayarlar!$B$6*IF(Bitkiler!$H$5=Topraklar!$H$23,0,1))/Ayarlar!$B$7)+IF(Topraklar!$K$23=Bitkiler!$C$5,0.002,IF(Topraklar!$L$23="Evet",0.001,0))) | X6: =IF(OR(Topraklar!$J$24="Evet",AND(Topraklar!$L$24<>"Evet",Topraklar!$K$24<>Bitkiler!$C$5)),0,MAX(0,1-(Ayarlar!$B$2*ABS(Bitkiler!$D$5-Topraklar!$D$24)+Ayarlar!$B$3*ABS(Bitkiler!$E$5-Topraklar!$E$24)+Ayarlar!$B$4*ABS(Bitkiler!$F$5-Topraklar!$F$24)+Ayarlar!$B$5*ABS(Bitkiler!$G$5-Topraklar!$G$24)+Ayarlar!$B$6*IF(Bitkiler!$H$5=Topraklar!$H$24,0,1))/Ayarlar!$B$7)+IF(Topraklar!$K$24=Bitkiler!$C$5,0.002,IF(Topraklar!$L$24="Evet",0.001,0))) | Y6: =IF(OR(Topraklar!$J$25="Evet",AND(Topraklar!$L$25<>"Evet",Topraklar!$K$25<>Bitkiler!$C$5)),0,MAX(0,1-(Ayarlar!$B$2*ABS(Bitkiler!$D$5-Topraklar!$D$25)+Ayarlar!$B$3*ABS(Bitkiler!$E$5-Topraklar!$E$25)+Ayarlar!$B$4*ABS(Bitkiler!$F$5-Topraklar!$F$25)+Ayarlar!$B$5*ABS(Bitkiler!$G$5-Topraklar!$G$25)+Ayarlar!$B$6*IF(Bitkiler!$H$5=Topraklar!$H$25,0,1))/Ayarlar!$B$7)+IF(Topraklar!$K$25=Bitkiler!$C$5,0.002,IF(Topraklar!$L$25="Evet",0.001,0))) | Z6: =IF(OR(Topraklar!$J$26="Evet",AND(Topraklar!$L$26<>"Evet",Topraklar!$K$26<>Bitkiler!$C$5)),0,MAX(0,1-(Ayarlar!$B$2*ABS(Bitkiler!$D$5-Topraklar!$D$26)+Ayarlar!$B$3*ABS(Bitkiler!$E$5-Topraklar!$E$26)+Ayarlar!$B$4*ABS(Bitkiler!$F$5-Topraklar!$F$26)+Ayarlar!$B$5*ABS(Bitkiler!$G$5-Topraklar!$G$26)+Ayarlar!$B$6*IF(Bitkiler!$H$5=Topraklar!$H$26,0,1))/Ayarlar!$B$7)+IF(Topraklar!$K$26=Bitkiler!$C$5,0.002,IF(Topraklar!$L$26="Evet",0.001,0))) | AA6: =IF(OR(Topraklar!$J$27="Evet",AND(Topraklar!$L$27<>"Evet",Topraklar!$K$27<>Bitkiler!$C$5)),0,MAX(0,1-(Ayarlar!$B$2*ABS(Bitkiler!$D$5-Topraklar!$D$27)+Ayarlar!$B$3*ABS(Bitkiler!$E$5-Topraklar!$E$27)+Ayarlar!$B$4*ABS(Bitkiler!$F$5-Topraklar!$F$27)+Ayarlar!$B$5*ABS(Bitkiler!$G$5-Topraklar!$G$27)+Ayarlar!$B$6*IF(Bitkiler!$H$5=Topraklar!$H$27,0,1))/Ayarlar!$B$7)+IF(Topraklar!$K$27=Bitkiler!$C$5,0.002,IF(Topraklar!$L$27="Evet",0.001,0))) | AB6: =IF(OR(Topraklar!$J$28="Evet",AND(Topraklar!$L$28<>"Evet",Topraklar!$K$28<>Bitkiler!$C$5)),0,MAX(0,1-(Ayarlar!$B$2*ABS(Bitkiler!$D$5-Topraklar!$D$28)+Ayarlar!$B$3*ABS(Bitkiler!$E$5-Topraklar!$E$28)+Ayarlar!$B$4*ABS(Bitkiler!$F$5-Topraklar!$F$28)+Ayarlar!$B$5*ABS(Bitkiler!$G$5-Topraklar!$G$28)+Ayarlar!$B$6*IF(Bitkiler!$H$5=Topraklar!$H$28,0,1))/Ayarlar!$B$7)+IF(Topraklar!$K$28=Bitkiler!$C$5,0.002,IF(Topraklar!$L$28="Evet",0.001,0))) | AC6: =IF(OR(Topraklar!$J$29="Evet",AND(Topraklar!$L$29<>"Evet",Topraklar!$K$29<>Bitkiler!$C$5)),0,MAX(0,1-(Ayarlar!$B$2*ABS(Bitkiler!$D$5-Topraklar!$D$29)+Ayarlar!$B$3*ABS(Bitkiler!$E$5-Topraklar!$E$29)+Ayarlar!$B$4*ABS(Bitkiler!$F$5-Topraklar!$F$29)+Ayarlar!$B$5*ABS(Bitkiler!$G$5-Topraklar!$G$29)+Ayarlar!$B$6*IF(Bitkiler!$H$5=Topraklar!$H$29,0,1))/Ayarlar!$B$7)+IF(Topraklar!$K$29=Bitkiler!$C$5,0.002,IF(Topraklar!$L$29="Evet",0.001,0))) | AD6: =IF(OR(Topraklar!$J$30="Evet",AND(Topraklar!$L$30<>"Evet",Topraklar!$K$30<>Bitkiler!$C$5)),0,MAX(0,1-(Ayarlar!$B$2*ABS(Bitkiler!$D$5-Topraklar!$D$30)+Ayarlar!$B$3*ABS(Bitkiler!$E$5-Topraklar!$E$30)+Ayarlar!$B$4*ABS(Bitkiler!$F$5-Topraklar!$F$30)+Ayarlar!$B$5*ABS(Bitkiler!$G$5-Topraklar!$G$30)+Ayarlar!$B$6*IF(Bitkiler!$H$5=Topraklar!$H$30,0,1))/Ayarlar!$B$7)+IF(Topraklar!$K$30=Bitkiler!$C$5,0.002,IF(Topraklar!$L$30="Evet",0.001,0))) | AE6: =IF(OR(Topraklar!$J$31="Evet",AND(Topraklar!$L$31<>"Evet",Topraklar!$K$31<>Bitkiler!$C$5)),0,MAX(0,1-(Ayarlar!$B$2*ABS(Bitkiler!$D$5-Topraklar!$D$31)+Ayarlar!$B$3*ABS(Bitkiler!$E$5-Topraklar!$E$31)+Ayarlar!$B$4*ABS(Bitkiler!$F$5-Topraklar!$F$31)+Ayarlar!$B$5*ABS(Bitkiler!$G$5-Topraklar!$G$31)+Ayarlar!$B$6*IF(Bitkiler!$H$5=Topraklar!$H$31,0,1))/Ayarlar!$B$7)+IF(Topraklar!$K$31=Bitkiler!$C$5,0.002,IF(Topraklar!$L$31="Evet",0.001,0))) | AF6: =IF(OR(Topraklar!$J$32="Evet",AND(Topraklar!$L$32<>"Evet",Topraklar!$K$32<>Bitkiler!$C$5)),0,MAX(0,1-(Ayarlar!$B$2*ABS(Bitkiler!$D$5-Topraklar!$D$32)+Ayarlar!$B$3*ABS(Bitkiler!$E$5-Topraklar!$E$32)+Ayarlar!$B$4*ABS(Bitkiler!$F$5-Topraklar!$F$32)+Ayarlar!$B$5*ABS(Bitkiler!$G$5-Topraklar!$G$32)+Ayarlar!$B$6*IF(Bitkiler!$H$5=Topraklar!$H$32,0,1))/Ayarlar!$B$7)+IF(Topraklar!$K$32=Bitkiler!$C$5,0.002,IF(Topraklar!$L$32="Evet",0.001,0))) | AG6: =IF(OR(Topraklar!$J$33="Evet",AND(Topraklar!$L$33<>"Evet",Topraklar!$K$33<>Bitkiler!$C$5)),0,MAX(0,1-(Ayarlar!$B$2*ABS(Bitkiler!$D$5-Topraklar!$D$33)+Ayarlar!$B$3*ABS(Bitkiler!$E$5-Topraklar!$E$33)+Ayarlar!$B$4*ABS(Bitkiler!$F$5-Topraklar!$F$33)+Ayarlar!$B$5*ABS(Bitkiler!$G$5-Topraklar!$G$33)+Ayarlar!$B$6*IF(Bitkiler!$H$5=Topraklar!$H$33,0,1))/Ayarlar!$B$7)+IF(Topraklar!$K$33=Bitkiler!$C$5,0.002,IF(Topraklar!$L$33="Evet",0.001,0))) | AH6: =IF(OR(Topraklar!$J$34="Evet",AND(Topraklar!$L$34<>"Evet",Topraklar!$K$34<>Bitkiler!$C$5)),0,MAX(0,1-(Ayarlar!$B$2*ABS(Bitkiler!$D$5-Topraklar!$D$34)+Ayarlar!$B$3*ABS(Bitkiler!$E$5-Topraklar!$E$34)+Ayarlar!$B$4*ABS(Bitkiler!$F$5-Topraklar!$F$34)+Ayarlar!$B$5*ABS(Bitkiler!$G$5-Topraklar!$G$34)+Ayarlar!$B$6*IF(Bitkiler!$H$5=Topraklar!$H$34,0,1))/Ayarlar!$B$7)+IF(Topraklar!$K$34=Bitkiler!$C$5,0.002,IF(Topraklar!$L$34="Evet",0.001,0))) | AI6: =IF(OR(Topraklar!$J$35="Evet",AND(Topraklar!$L$35<>"Evet",Topraklar!$K$35<>Bitkiler!$C$5)),0,MAX(0,1-(Ayarlar!$B$2*ABS(Bitkiler!$D$5-Topraklar!$D$35)+Ayarlar!$B$3*ABS(Bitkiler!$E$5-Topraklar!$E$35)+Ayarlar!$B$4*ABS(Bitkiler!$F$5-Topraklar!$F$35)+Ayarlar!$B$5*ABS(Bitkiler!$G$5-Topraklar!$G$35)+Ayarlar!$B$6*IF(Bitkiler!$H$5=Topraklar!$H$35,0,1))/Ayarlar!$B$7)+IF(Topraklar!$K$35=Bitkiler!$C$5,0.002,IF(Topraklar!$L$35="Evet",0.001,0))) | AJ6: =IF(OR(Topraklar!$J$36="Evet",AND(Topraklar!$L$36<>"Evet",Topraklar!$K$36<>Bitkiler!$C$5)),0,MAX(0,1-(Ayarlar!$B$2*ABS(Bitkiler!$D$5-Topraklar!$D$36)+Ayarlar!$B$3*ABS(Bitkiler!$E$5-Topraklar!$E$36)+Ayarlar!$B$4*ABS(Bitkiler!$F$5-Topraklar!$F$36)+Ayarlar!$B$5*ABS(Bitkiler!$G$5-Topraklar!$G$36)+Ayarlar!$B$6*IF(Bitkiler!$H$5=Topraklar!$H$36,0,1))/Ayarlar!$B$7)+IF(Topraklar!$K$36=Bitkiler!$C$5,0.002,IF(Topraklar!$L$36="Evet",0.001,0))) | AK6: =IF(OR(Topraklar!$J$37="Evet",AND(Topraklar!$L$37<>"Evet",Topraklar!$K$37<>Bitkiler!$C$5)),0,MAX(0,1-(Ayarlar!$B$2*ABS(Bitkiler!$D$5-Topraklar!$D$37)+Ayarlar!$B$3*ABS(Bitkiler!$E$5-Topraklar!$E$37)+Ayarlar!$B$4*ABS(Bitkiler!$F$5-Topraklar!$F$37)+Ayarlar!$B$5*ABS(Bitkiler!$G$5-Topraklar!$G$37)+Ayarlar!$B$6*IF(Bitkiler!$H$5=Topraklar!$H$37,0,1))/Ayarlar!$B$7)+IF(Topraklar!$K$37=Bitkiler!$C$5,0.002,IF(Topraklar!$L$37="Evet",0.001,0))) | AL6: =IF(OR(Topraklar!$J$38="Evet",AND(Topraklar!$L$38<>"Evet",Topraklar!$K$38<>Bitkiler!$C$5)),0,MAX(0,1-(Ayarlar!$B$2*ABS(Bitkiler!$D$5-Topraklar!$D$38)+Ayarlar!$B$3*ABS(Bitkiler!$E$5-Topraklar!$E$38)+Ayarlar!$B$4*ABS(Bitkiler!$F$5-Topraklar!$F$38)+Ayarlar!$B$5*ABS(Bitkiler!$G$5-Topraklar!$G$38)+Ayarlar!$B$6*IF(Bitkiler!$H$5=Topraklar!$H$38,0,1))/Ayarlar!$B$7)+IF(Topraklar!$K$38=Bitkiler!$C$5,0.002,IF(Topraklar!$L$38="Evet",0.001,0))) | AM6: =IF(OR(Topraklar!$J$39="Evet",AND(Topraklar!$L$39<>"Evet",Topraklar!$K$39<>Bitkiler!$C$5)),0,MAX(0,1-(Ayarlar!$B$2*ABS(Bitkiler!$D$5-Topraklar!$D$39)+Ayarlar!$B$3*ABS(Bitkiler!$E$5-Topraklar!$E$39)+Ayarlar!$B$4*ABS(Bitkiler!$F$5-Topraklar!$F$39)+Ayarlar!$B$5*ABS(Bitkiler!$G$5-Topraklar!$G$39)+Ayarlar!$B$6*IF(Bitkiler!$H$5=Topraklar!$H$39,0,1))/Ayarlar!$B$7)+IF(Topraklar!$K$39=Bitkiler!$C$5,0.002,IF(Topraklar!$L$39="Evet",0.001,0))) | AN6: =IF(OR(Topraklar!$J$40="Evet",AND(Topraklar!$L$40<>"Evet",Topraklar!$K$40<>Bitkiler!$C$5)),0,MAX(0,1-(Ayarlar!$B$2*ABS(Bitkiler!$D$5-Topraklar!$D$40)+Ayarlar!$B$3*ABS(Bitkiler!$E$5-Topraklar!$E$40)+Ayarlar!$B$4*ABS(Bitkiler!$F$5-Topraklar!$F$40)+Ayarlar!$B$5*ABS(Bitkiler!$G$5-Topraklar!$G$40)+Ayarlar!$B$6*IF(Bitkiler!$H$5=Topraklar!$H$40,0,1))/Ayarlar!$B$7)+IF(Topraklar!$K$40=Bitkiler!$C$5,0.002,IF(Topraklar!$L$40="Evet",0.001,0))) | AO6: =IF(OR(Topraklar!$J$41="Evet",AND(Topraklar!$L$41<>"Evet",Topraklar!$K$41<>Bitkiler!$C$5)),0,MAX(0,1-(Ayarlar!$B$2*ABS(Bitkiler!$D$5-Topraklar!$D$41)+Ayarlar!$B$3*ABS(Bitkiler!$E$5-Topraklar!$E$41)+Ayarlar!$B$4*ABS(Bitkiler!$F$5-Topraklar!$F$41)+Ayarlar!$B$5*ABS(Bitkiler!$G$5-Topraklar!$G$41)+Ayarlar!$B$6*IF(Bitkiler!$H$5=Topraklar!$H$41,0,1))/Ayarlar!$B$7)+IF(Topraklar!$K$41=Bitkiler!$C$5,0.002,IF(Topraklar!$L$41="Evet",0.001,0))) | AP6: =IF(OR(Topraklar!$J$42="Evet",AND(Topraklar!$L$42<>"Evet",Topraklar!$K$42<>Bitkiler!$C$5)),0,MAX(0,1-(Ayarlar!$B$2*ABS(Bitkiler!$D$5-Topraklar!$D$42)+Ayarlar!$B$3*ABS(Bitkiler!$E$5-Topraklar!$E$42)+Ayarlar!$B$4*ABS(Bitkiler!$F$5-Topraklar!$F$42)+Ayarlar!$B$5*ABS(Bitkiler!$G$5-Topraklar!$G$42)+Ayarlar!$B$6*IF(Bitkiler!$H$5=Topraklar!$H$42,0,1))/Ayarlar!$B$7)+IF(Topraklar!$K$42=Bitkiler!$C$5,0.002,IF(Topraklar!$L$42="Evet",0.001,0))) | AQ6: =IF(OR(Topraklar!$J$43="Evet",AND(Topraklar!$L$43<>"Evet",Topraklar!$K$43<>Bitkiler!$C$5)),0,MAX(0,1-(Ayarlar!$B$2*ABS(Bitkiler!$D$5-Topraklar!$D$43)+Ayarlar!$B$3*ABS(Bitkiler!$E$5-Topraklar!$E$43)+Ayarlar!$B$4*ABS(Bitkiler!$F$5-Topraklar!$F$43)+Ayarlar!$B$5*ABS(Bitkiler!$G$5-Topraklar!$G$43)+Ayarlar!$B$6*IF(Bitkiler!$H$5=Topraklar!$H$43,0,1))/Ayarlar!$B$7)+IF(Topraklar!$K$43=Bitkiler!$C$5,0.002,IF(Topraklar!$L$43="Evet",0.001,0))) | AR6: =IF(OR(Topraklar!$J$44="Evet",AND(Topraklar!$L$44<>"Evet",Topraklar!$K$44<>Bitkiler!$C$5)),0,MAX(0,1-(Ayarlar!$B$2*ABS(Bitkiler!$D$5-Topraklar!$D$44)+Ayarlar!$B$3*ABS(Bitkiler!$E$5-Topraklar!$E$44)+Ayarlar!$B$4*ABS(Bitkiler!$F$5-Topraklar!$F$44)+Ayarlar!$B$5*ABS(Bitkiler!$G$5-Topraklar!$G$44)+Ayarlar!$B$6*IF(Bitkiler!$H$5=Topraklar!$H$44,0,1))/Ayarlar!$B$7)+IF(Topraklar!$K$44=Bitkiler!$C$5,0.002,IF(Topraklar!$L$44="Evet",0.001,0))) | AS6: =IF(OR(Topraklar!$J$45="Evet",AND(Topraklar!$L$45<>"Evet",Topraklar!$K$45<>Bitkiler!$C$5)),0,MAX(0,1-(Ayarlar!$B$2*ABS(Bitkiler!$D$5-Topraklar!$D$45)+Ayarlar!$B$3*ABS(Bitkiler!$E$5-Topraklar!$E$45)+Ayarlar!$B$4*ABS(Bitkiler!$F$5-Topraklar!$F$45)+Ayarlar!$B$5*ABS(Bitkiler!$G$5-Topraklar!$G$45)+Ayarlar!$B$6*IF(Bitkiler!$H$5=Topraklar!$H$45,0,1))/Ayarlar!$B$7)+IF(Topraklar!$K$45=Bitkiler!$C$5,0.002,IF(Topraklar!$L$45="Evet",0.001,0))) | AT6: =IF(OR(Topraklar!$J$46="Evet",AND(Topraklar!$L$46<>"Evet",Topraklar!$K$46<>Bitkiler!$C$5)),0,MAX(0,1-(Ayarlar!$B$2*ABS(Bitkiler!$D$5-Topraklar!$D$46)+Ayarlar!$B$3*ABS(Bitkiler!$E$5-Topraklar!$E$46)+Ayarlar!$B$4*ABS(Bitkiler!$F$5-Topraklar!$F$46)+Ayarlar!$B$5*ABS(Bitkiler!$G$5-Topraklar!$G$46)+Ayarlar!$B$6*IF(Bitkiler!$H$5=Topraklar!$H$46,0,1))/Ayarlar!$B$7)+IF(Topraklar!$K$46=Bitkiler!$C$5,0.002,IF(Topraklar!$L$46="Evet",0.001,0))) | AU6: =IF(OR(Topraklar!$J$47="Evet",AND(Topraklar!$L$47<>"Evet",Topraklar!$K$47<>Bitkiler!$C$5)),0,MAX(0,1-(Ayarlar!$B$2*ABS(Bitkiler!$D$5-Topraklar!$D$47)+Ayarlar!$B$3*ABS(Bitkiler!$E$5-Topraklar!$E$47)+Ayarlar!$B$4*ABS(Bitkiler!$F$5-Topraklar!$F$47)+Ayarlar!$B$5*ABS(Bitkiler!$G$5-Topraklar!$G$47)+Ayarlar!$B$6*IF(Bitkiler!$H$5=Topraklar!$H$47,0,1))/Ayarlar!$B$7)+IF(Topraklar!$K$47=Bitkiler!$C$5,0.002,IF(Topraklar!$L$47="Evet",0.001,0))) | AV6: =IF(OR(Topraklar!$J$48="Evet",AND(Topraklar!$L$48<>"Evet",Topraklar!$K$48<>Bitkiler!$C$5)),0,MAX(0,1-(Ayarlar!$B$2*ABS(Bitkiler!$D$5-Topraklar!$D$48)+Ayarlar!$B$3*ABS(Bitkiler!$E$5-Topraklar!$E$48)+Ayarlar!$B$4*ABS(Bitkiler!$F$5-Topraklar!$F$48)+Ayarlar!$B$5*ABS(Bitkiler!$G$5-Topraklar!$G$48)+Ayarlar!$B$6*IF(Bitkiler!$H$5=Topraklar!$H$48,0,1))/Ayarlar!$B$7)+IF(Topraklar!$K$48=Bitkiler!$C$5,0.002,IF(Topraklar!$L$48="Evet",0.001,0))) | AW6: =IF(OR(Topraklar!$J$49="Evet",AND(Topraklar!$L$49<>"Evet",Topraklar!$K$49<>Bitkiler!$C$5)),0,MAX(0,1-(Ayarlar!$B$2*ABS(Bitkiler!$D$5-Topraklar!$D$49)+Ayarlar!$B$3*ABS(Bitkiler!$E$5-Topraklar!$E$49)+Ayarlar!$B$4*ABS(Bitkiler!$F$5-Topraklar!$F$49)+Ayarlar!$B$5*ABS(Bitkiler!$G$5-Topraklar!$G$49)+Ayarlar!$B$6*IF(Bitkiler!$H$5=Topraklar!$H$49,0,1))/Ayarlar!$B$7)+IF(Topraklar!$K$49=Bitkiler!$C$5,0.002,IF(Topraklar!$L$49="Evet",0.001,0))) | AX6: =IF(OR(Topraklar!$J$50="Evet",AND(Topraklar!$L$50<>"Evet",Topraklar!$K$50<>Bitkiler!$C$5)),0,MAX(0,1-(Ayarlar!$B$2*ABS(Bitkiler!$D$5-Topraklar!$D$50)+Ayarlar!$B$3*ABS(Bitkiler!$E$5-Topraklar!$E$50)+Ayarlar!$B$4*ABS(Bitkiler!$F$5-Topraklar!$F$50)+Ayarlar!$B$5*ABS(Bitkiler!$G$5-Topraklar!$G$50)+Ayarlar!$B$6*IF(Bitkiler!$H$5=Topraklar!$H$50,0,1))/Ayarlar!$B$7)+IF(Topraklar!$K$50=Bitkiler!$C$5,0.002,IF(Topraklar!$L$50="Evet",0.001,0))) | AY6: =IF(OR(Topraklar!$J$51="Evet",AND(Topraklar!$L$51<>"Evet",Topraklar!$K$51<>Bitkiler!$C$5)),0,MAX(0,1-(Ayarlar!$B$2*ABS(Bitkiler!$D$5-Topraklar!$D$51)+Ayarlar!$B$3*ABS(Bitkiler!$E$5-Topraklar!$E$51)+Ayarlar!$B$4*ABS(Bitkiler!$F$5-Topraklar!$F$51)+Ayarlar!$B$5*ABS(Bitkiler!$G$5-Topraklar!$G$51)+Ayarlar!$B$6*IF(Bitkiler!$H$5=Topraklar!$H$51,0,1))/Ayarlar!$B$7)+IF(Topraklar!$K$51=Bitkiler!$C$5,0.002,IF(Topraklar!$L$51="Evet",0.001,0)))
